Name,Email,Company
Nicky,nicky@meanwhilepartners.com,Meanwhile Partners
Brook,brook@middlecott.com,Middlecott Design
Margaret,margaret@studiosaka.co,Studio SAKA
Hana,hana@sunnysidestudio.com,Sunnyside Studio
Lina,lina@talinadesign.com,Talina Design
Alcindo,alcindo.correa@accs.design,ACCS Design
Marielle,marielleclaire@tributarydesign.com,Tributary Design Studio
Sanders,sanders@nuexcreative.com,NUEX Creative
David,dhacin@hacin.com,Hacin
Matt,matt@dearfuture.co,Dear Future Marketer
Hana,hannah@sabikdesign.com,Sabik Design
Zach,zach@getclue.com,Clue Insights
Kelly,kelly@unikernstudio.com,Unikern Studio LLC
Rachel,rachel@cobrandingstudio.com,coBranding Studio
David,dceradini@ceradini.com,Ceradini Brand Design
Austin,austin@barkis.com,Barkis & Co.
MB,mb@kor.com,kor group
Brian,brian@bmaccreative.com,BMAC Creative
Lauren,lauren@cardsagainsthumanity.com,"Cards Against Humanity, LLC"
Marija,marija@oliosf.com,"Olio Studio, LLC"
Simon,simont@perspectivebranding.com,Perspective: Branding
Matt,matt_m@mattmurphy.com,MMD/MATT MURPHY DESIGN Inc
Matt,matt@fanandfuel.com,FAN & FUEL
Kevin,kevin@kamgraphica.com,KamGraphica
Nicole,nicole@studiokenney.com,Studio Kenney
Brea,brea@lettery.co,The Lettery Co
Johnny,j@jrapp.org,JRAPP
Mary,mary@sagemediastudio.com,Sage Media
Brooke,brooke@eudaimoniastudio.com,Eudaimonia Studio
Bethany,bethany@st8mnt.com,ST8MNT BRAND AGENCY
Frank,frank@manuka.la,Manuka
Michelle,michelle@macchiatto.com,Macchiatto
David,david@c42d.com,C42D
Bob,bob@suedeprojects.com,Suede Projects
Drew,drew@madlyenterprise.com,"Mad MacKay Design, LLC."
Gretchen,gretchen@studio2d.com,Studio 2D Design & Illustration
Carolina,carolina@carola.paris,CAROLA
Halli,halli@herlandbrand.com,Herland Brand Studio
Arnold,arnold@tweakshop.com,Tweak Studio
Heather,heather@dxlcreative.com,Dexel Creative
Ashley,ashley@designbyhyphen.com,Hyphen Design Office
Marc,marc@archaeamass.com,Archaea Mass
Jay,jay@jaytoffoli.com,Jay Toffoli Design Co
Stephanie,create@stephaniebrockdesign.com,Stephanie Brock Design & Marketing
Sam,sam@bizzwithbuzz.com,"BizzwithBuzz, Inc."
Matt,matt@afewcleverhumans.com,A Few Clever Humans
Dami,dami@tribalmarks.com,Tribal Marks
Amadeo,aandres@casmiclab.com,casmic lab
Vishal,vishal@sevenwebdesigns.com,SevenWeb Designs
Alex,alex@kinglouiscreative.com,King Louis
Matteo,tacchini@mytrickpony.com,My Trick Pony
Charleen,charleen@rd.digital,Research & Design
Bay,bay@infinitygfx.net,Infinity Graphics
David,dchioffi@uark.edu,University of Arkansas ­- Sam M. Walton College of Business
Hitomi,hitomi@studionewwork.com,STUDIO NEWWORK
Matt,matt@theimagefarm.com,The Image Farm
Katrice,katrice@perfectdesignllc.com,"Perfect Design, LLC."
Alyssa,alyssa@bar-collective.com,BAR Collective
Lucas,lucasmiller@rustltd.com,RUST LTD.
Stephen,stephen@adducistudios.com,Adduci Studios
Kathryn,kathryn@knunesdesign.com,Flavor Graphics
Dat,dat@duo-studio.co,Duo Studio
Amy,amyherrera@visualrail.com,VISUALRAIL
Mike,mike@monomythstudio.com,Monomyth Studio
Karen,karen@seidman-says.com,Seidman Says! Communications
Ronald,ron@raudesign.com,rauDesign
Thomas,thomas@republicd.com,Republic Design
Matt,matt@mattlorenz.com,ML Design Studio
Stuart,stuart@helloeleven.com,Eleven
Griffin,griffin@creech.co,Creech
Emily,emily@foranconcepts.com,Foran Concepts
Caitlin,caitlin@gocultiv8.com,Cultiv8 Creative
Erica,erica@westridgestudio.com,West Ridge Studio
Lisa,lisa@bluerider.design,Blaue Reiter Design
Emily,emily.goerdt@linktr.ee,Purpose Path
Jen,jen@northfound.com,Northfound
Jill,jill@jklcreativestudio.com,JKL Creative Studio
Jeff,jeff@concentric.design,Concentric Design
Jon,jonroket@3verb.com,3VERB INC.
Amanda,amanda.nelson@united.com,United Airlines
Katie,katie@punctumdesign.com,Punctum Design
Caslynn,caslynn@weebly.com,TETRA GENIE-CIVIL
Luke,luke@northerncreative.com,Northern Creative LLC
Jason,jason.carey@redbull.com,Red Bull Media House
Brett,brett@udel.edu,University of Delaware
Rocky,rockyy@bdfox.com,B.D. Fox & Friends
Tyler,tyler@skyzboutique.com,SKYZ
Anastasia,anastasia@insightdesignsolutions.com,"Insight Design Solutions, Inc."
Hank,hank@hankdesigns.com,Hank Designs Studios
Ognen,ot@trpeskidesign.com,Trpeski Design
Ronda,ronda@heartworkpublishing.com,HeartWork Creative
Dave,dave@ideaz.tech,IDEAZ
Archie,archie@playlab.org,"PLAYLAB, INC."
Jesse,jesse.corinella@torso.co,Torso Inc.
Adam,adam@companypolicy.studio,COMPANY POLICY
Autrige,drawings@ascadex.com,"ASCADEX Patent Illustrating Services, LLC"
Scout,scout@designscout.com,DesignScout | A Branding Agency
Caroline,caroline@carolineparkercreative.com,Caroline Parker Creative
Rob,rob@robjelinskistudios.com,Infinite™ Design Agency
Aimee,aimee.tuck@corbaecreative.com,Corbae Creative
Vani,vani@designspinners.com,Design Spinners
Jenna,jenna@contrasthigh.com,Contrast High
Jenny,jenny@bovacreative.com,Bova Creative
Mihae,mihae@gimgagroup.com,Gimga Design Group
Vlad,vlad.tan@artlebedev.com,Art. Lebedev Studio
Mark,mark.sloan@motherdesign.com,Mother Design
Siddhant,siddhant@weallconnect.net,We All connect
Alexis,astreet@sam-lab.com,SAM-LAB
Kendra,kendra@orchidcreation.com,Orchid Creation
David,david@studiomatson.com,"Studio Matson, Inc."
Patrick,patrick@memfilms.com,MEM Media
Belinda,belinda@brownenterprisesusa.com,Brown Enterprises
Erin,erin.boone@fusioncorpdesign.com,Fusioncorp
Dewayne,dewayne@theclickdesign.com,The Click
Gabe,gabes@modicum.agency,Rocket Town Media
Mary,marywitte@roidesign.com,r.o.i. Design
Adam,adam@cubecreativedesign.com,"Cube Creative Design, Inc."
Michael,michael@emunahgraphics.com,Emunah Graphics LLC
Alynn,aunderriner@chasedesign.net,ChaseDesign
Dan,dan@glodea.com,GloDea ®
Joe,jzeller@zellermail.com,Zeller Creative Group
Stacey,stacey@reflectionsigns.com,Reflection Signs and Graphics
Mark,mark@smark.com,S.MARK Graphics
K,kloskill@dfabdesign.com,D|Fab
Andrew,andrew@resourceenginegroup.com,Resource Engine Group
Suzy,suzy@suzyraedesign.com,"Suzy Rae Design, LLC"
Tim,tim@hartfordesign.com,"Hartford Design, Inc."
Stuart,stuart.grigg@grigg.com,"Grigg Graphic Services, Inc."
Abby,abby.deprimo@thinkcompany.com,Think Company
Ronayne,tronayne@gropen.com,"Gropen, Inc."
Allie,apoirier@chasedesign.net,ChaseDesign
Dave,dave@insyncpd.com,InSync Photography + Design
Francesca,francesca.miller@multi.studio,Multistudio
Alan,alan.t.gardner@rrd.com,RR Donnelley
Jon,jdeutser@questdisplays.com,Quest Design & Millwork
Klas,klas@haglidengineering.com,BPE
Sue,sblesch@nac-mi.com,North American Color Inc
Glenn,glenn@targetgroupmedia.com,TARGET GROUP MEDIA
Jill,jill@jillsingergraphics.com,Jill Singer Graphics
Kim,kreardon@brandedvs.com,Branded Visual Solutions
Kate,kambos@designsensory.com,Designsensory
Eric,eric@laislamagazine.com,La Isla Magazine
Richard,richard@webaum.com,W&E Baum
Jennifer,jpanian@graphics22signs.com,"Graphics 22 Signs, Inc."
Robbie,robbie@circlestudios.com,"Circle Studios, LLC"
Sara,sara@bjornproductions.com,"Bjorn Productions, Inc."
Steven,sklein@3tcdesign.com,3TC Design
Ryan,ryan@thebrandcentric.com,Brandcentric
Ben,bfajen@aeronet.net,"Aero Design, Inc."
Marc,mberridge@3dimagingllc.com,3D Imaging
Clay,clay@meandmybigideas.com,Me & My Big Ideas
CJ,cj.armstrong@gouldevans.com,Multistudio
Evan,evan@warrenassociates.com,Warren Associates
Laura,laura@elledc.com,Elle Design and Communications
Jeremy,jmeares@accentdistributing.com,Accent Distributing
Terry,supple@1ststreet.com,1ST STREET GRAPHICS INC.
Doug,doug@dasvisions.com,"DAS Visions, LLC"
Rebecca,rebecca@copiesatcarson.com,Copies At Carson
Tara,thager@zinnagroup.com,The Zinna Group
Robert,rfadjr@fadcorporation.com,FAD
Julie,julie@premiergraphx.net,"PREMIER GRAPH-X, INC."
Tara,tara@proimagedesign.net,Pro Image Design
Patrick,pat@dalesigns.com,Dale Sign Service Inc
Maureen,maureen@fantasia.com,Fantasia Accessories Ltd.
Lauren,lauren@groffcreative.com,Groff Creative LLC
Pam,pam@coopwood.net,Coopwood Communications
Kristine,kristine@verbdb.com,Verb™
Mark,mheckel@intlminutepress.com,Minute Press
Michael,michaellogan@doylelogan.com,The Doyle/Logan Company
Carol,carolgreene@firstfloorgraphics.com,First Floor Graphics
Andrew,andrew@dribbble.com,Dribbble
Gary,gary@websiteinventive.com,Website Inventive
Kuni,kuni@clarencelee.com,Clarence Lee Design & Associates
Samuel,sminer@insigninc.com,allspace solutions inc
James,james.weiss@bigdropinc.com,Big Drop Inc
Jeff,jeff@newbright.com,New Bright Toys
Henderson,henderson@flybuggers.com,Henderson Consulting
Greg,gk@creativejuicez.com,Creative Juicez
Lena,lena@fantasia.com,Fantasia Accessories Ltd.
Johnathon,johnathon.luoma@navy.mil,US Navy
Jake,jake@advancedsign.com,Advanced Sign
Bob,bob@bestrentalservice.com,Best Rental Service
Ann,ann@vannoygroup.com,Van Noy Group
Steve,scarlisle@smokesignalsnews.com,Smoke Signals
Koll,ksimonds@graphicaldynamics.com,Graphica
Pat,pmelson@themidtowngr.com,Midtown
Dick,dstipe@nmsgbooks.com,North Market Street Graphics
Stephen,sclark@geminigroup.net,"Gemini Group, Inc."
Mitchell,mnewman@ndarchitects.com,Newman Design
Bruce,bupchurch@thompsoncreative.com,Thompson Creative
Ethan,ethan@lifestyledesign.com,lifestyledesign
David,dchaney@chaneyconsulting.com,Chaney Consulting Group
Jason,jason@stomeladvertising.com,Lauren Stomel Advertising
Danny,danny.justman@typesettingink.com,"Typesetting, Ink"
Gregory,greg@buffalobrothersstudioseast.com,"Buffalo Brothers Studios East, Inc."
Todd,todd_a@badlanderdigital.dev,Badlander Digital
Andy,andy@vlgux.com,Visual Logic
Christine,christine@imagen-ai.com,Imagen
Adam,webdev@icscreative.com,Image Conscious Studios
Randall,randy@champcohen.com,ChampCohen Design Associates
Christopher,chris@referencenyc.com,Reference
Bradley,brad@thinkitfirst.com,Think It First
Paley,paley@thetypefounders.com,The Type Founders
Selena,selena@bonfiliodesign.com,Bonfilio Design
Omar,omar@om-graphicdesign.com,OM Graphic Design
Joel,joel@hechoporeme.com,This is EME
Steve,steve@esserdesign.com,ESSER DESIGN
Stacy,stacykoenig@zeal40.com,Zeal40: The Creative Agency
Alyssa,aprazeau@context-design.com,Context LLC
Andreina,andreina@rowecu.com,ROWE Creative Union
Julie,julie@wearealmanac.com,"We Are Almanac, LLC"
Saif,saif@americasgold.com,Americas Gold
Mike,mike@methodikal.net,"Methodikal, Inc"
Ernesto,ernestocajias@weanidea.com,WE AN IDEA
Jeff,jpirro@chasedesign.net,ChaseDesign
Jamie,jamie@thinkitfirst.com,Think It First
Angela,angela@thegraphicsoffice.com,The Graphics Office
Tony,tony@webstix.com,Webstix
Judith,judith.martens@times3.net,Times 3
Benjamin,ben@mpcreative.net,MP Creative
Melissa,mweber@williamsmcbride.com,The Williams McBride Group
Holly,holly@forbesbutler.com,Forbes & Butler Visual Communications
Stanimir,stanimir@elefant.design,Elefant
Jubilee,jubilee@wjmediadesign.com,WJ Media Design
Tara,tara@debufonts.com,Debufonts Design Studio
Bob,bob@nancyframedesign.com,Nancy Frame Design
Kevin,kevin@studio-fabric.com,Studio Fabric
Devi,devi@paperwhite-studio.com,Paperwhite Studio
Nikolos,nik@forthandback.la,Forth+Back
Boyan,boyans@archibim.com,"ArchiBIM, Inc."
Rosen,roseng@archibim.com,"ArchiBIM, Inc."
Carol,carol@happypupdesign.com,Happy Pup Design
Marija,marija.volkman@revelation-agency.com,Revelation Agency
Dawn,dwalter@willowcreekgolfclub.com,Willow Creek Golf Club
Garrett,garrett@cognetix.ai,Cognetix
Mark,mschwamel@waremalcomb.com,Ware Malcomb
Eric,eric@ericmaurer.com,Eric Maurer
EJ,ej@wbmarketing.com,WB Marketing
Nathan,nate@uproarconcept.com,Uproar Concept
Charles,charles@brockbookdesignco.com,Faceout Studio
Lara,lara@trillioncreative.com,Trillion Creative
Nancy,nancy@nancybdesign.com,Nancy B. Design
Belle,belle@abelledesign.com,A Belle Design
Rose,rose@designity.com,Designity
Brent,bw.@riggsward.com,riggs ward
Luciana,larim@waremalcomb.com,Ware Malcomb
Kelly,kelly@sitkacreations.com,Sitka Creations
Hogan,hogan@flintdesignco.com,Flint Design Co.
Joseph,joseph@iimagedesign.com,I Image Design
Salil,salil@thebackupstudio.com,The Backup Studio Inc.
Matt,matth@goodthree.com,Goodthree
Deanna,deanna@studiokoto.co,Koto
Cesar,cesar@atypicaldesign.com,Atypical Design
Benjamin,benjamin@mastersgroupdesign.com,Masters Group Design
Loren,loren@creech.co,Creech
Lauren,llevine@ringling.edu,Ringling College of Art and Design
Michael,mkervel@axisg.com,Axis Global Logistics
Stewart,stewart@sitelineproductions.com,Siteline Productions Inc.
Jacob,jacob@5viz.com,5visual
Patrick,patrick@koto.studio,koto.studio
Carl,carl.weber@picturemosaics.com,Picture Mosaics LLC
Karen,karen@bloodnchocolate.com,Blood & Chocolate Inc.
Michael,mike@3iblackwidow.com,Black Widow Imaging
Zach,zach@madebynonfiction.com,Nonfiction
Anna,anna.mertz@traceelement.com,Trace Element
Chris,cshamus@shamusdesign.com,Shamus Design Llc
Thomas,thomas@lavisual.com,La Visual
Daniel,daniel@silvaheeren.com,Silva Heeren
Hollie,hollie@designpickle.com,Design Pickle
Danielle,danielle.horanieh@motherdesign.com,Mother Design
Kelly,kelly@circlecstudios.com,Circle C Studios
Luke,luke@wearebulletproof.com,Bulletproof
Clancy,clancy.boyer@themodern.edu,The Modern College of Design
Laura,laura@vondesignco.com,Present Studios
Ana,ana.motta@playlab.org,"PLAYLAB, INC."
Seamus,seamus@avenuec.studio,Avenue C
CP,cp@huemanstudio.com,Hueman Studio
Logan,logan@madcollective.com,Madison Ave. Collective
Eleonora,eleonora@de-yan.com,DE-YAN
Don,don@hollisbc.com,Hollis Brand Culture
Peter,peter@flyweight.xyz,Flyweight
Lael,lael@porcellidesign.com,Porcelli Design
Sean,smcnaughton@chasedesign.net,ChaseDesign
Colleen,cdrake@chasedesigngroup.com,Chase Design Group
Abe,aesguerra@waremalcomb.com,Ware Malcomb
George,george@soapgoodscreative.com,GOMEZ
Garrett,garrett@studiogodsey.co,Studio Godsey
Richard,richard.goring@brightcarbon.com,BrightCarbon
Gwen,gackley@cgiinteractive.com,CGI Interactive
Tony,t@vandvcreative.com,Vim & Vigor Creative
Jon,janderson@waremalcomb.com,Ware Malcomb
Lindsay,lindsay@bbranded.com,"B Branded, Inc."
Kelley,kelley@chrisvogeldesign.com,Chris Vogel Design
Amy,amy.berry@elkayinteriorsystems.com,Elkay Interior Systems
Matt,mtroha@ihsa.org,IHSA OFFICIAL
Claire,cdeieso@dentonhouse.com,Denton House Design Studio
Dave,dave.g@pdgdesign.net,Presentation Design Group
Katelyn,katelyn.winski@enlisteddesign.com,Enlisted Design
Jeff,doc@onedaymasterpieces.com,One Day Masterpieces
Allison,allison@pearlfisher.com,Pearlfisher
Kevin,kevin@lucicreative.com,Luci Creative
Mary,mary@slantcom.com,Slant Communications Design
Whitney,wphilipp@lachina.com,Lachina Creative
Jeffrey,jeffrey@sqpeg.com,Square Peg Design
Tessa,tessa@magentacreative.com,Magenta Creativa
Rob,rdeornellas@cgdetroit.com,CG Detroit
Shannon,shannon@graphish.com,Graphish Studio
Ed,emurphy@dfabdesign.com,D|Fab
Gloria,gloria.villarreal@tjarksandtjarks.com,Tjarks and Tjarks Design Group
Stephanie,sseketa@ringling.edu,Ringling College of Art and Design
Liv,liv@blackwidowimaging.com,Black Widow Imaging
Nigora,nigora@fhdesignstudio.com,FHDS
Erin,erin.dameron@turnerduckworth.com,Turner Duckworth
Liz,lovasco@designbandb.com,Design B&B
Courtney,courtney@fundthenations.com,Fund the Nations
Paul,prodriguez@broco.com,The Brothers Company
Georgine,jlee@kmdg.com,"KMDG, Inc."
Devon,devon.carlson@peopledesign.com,Peopledesign
Megan,msilverman@avenueartistsmgmt.com,Silverman Design
Michael,m@ostrodesign.com,Ostro Design
Tony,tony@munchart.com,Munch Art Design Agency
Kathy,kathy@geckogroup.com,Gecko Group
Ashley,ashley@bb-workshop.com,Ballyhoo Workshop
Michael,michael@sandboxstudio.net,"Sandbox Studio, Chicago"
Meg,meg@williamsonadams.com,Williamson Adams
Bob,bupton@pldg.com,PLDG
Wendy,wendy@plumnellyproductions.com,Plum Nelly Productions
Jason,jason@spindle360.com,Spindle 360
Uyen,utran@linespace.com,Linespace
Kimberly,kimberly@thecrpgroup.com,The CRP Group
Joellen,jo@dieseldisplays.com,dē-sl
Brett,brett@gandcodesign.com,G and Co Design
Tex,tex@synchronis.com,Synchronis LLC
Martha,martha@notclosed.com,Open
Leigh,leigh@rabeandco.com,Rabe & Co
Beatrice,beatrice.w@andpartnersny.com,And Partners
Petra,petra.tomekova@artversion.com,ArtVersion
Viera,vhartmannova@pldg.com,PLDG
Brian,bfingeret@standardissuedesign.com,Standard Issue
Andy,andy@etbe.org,East Texas Baptist Encampment
Craig,craig@craigburgwardt.com,Burgwardt Design
Steve,steve@craterdust.com,CraterDust
David,dave@chasedesigngroup.com,Chase Design Group
Dale,cookd@phototype.com,Phototype
Nik,nik@hardhatdesign.com,Hardhat Design
Chris,chris.mahon@tgdcom.com,TGD Creative Strategies & Solutions
Jenny,jenny@clevelanddesign.com,Cleveland Design
Jared,jared.britton@turnerduckworth.com,Turner Duckworth
Jan,jdavis@waremalcomb.com,Ware Malcomb
Sara,saras@theretrievernews.com,Retriever Field Trial News
Tim,tgutowski@trilogyinteractive.com,Trilogy Interactive
Catherine,catherine@amdnyc.com,AM Design NYC
Kiara,kiara@ashbysocial.com,Ashby Social
Ashlie,ashlie@thestudiosf.com,"The Studio, design"
Ed,ejlain@lazergrafixdesign.com,Lazer Grafix Design
Heather,hkeeling@aedieno.com,Aedieno
Glen,glen@pictureplaneimaging.com,PicturePlane
Randy,rwallis@lamar.com,Lamar Advertising Company
Michele,michele@mbncreative.com,MBN Creative
Mark,mark@decozone.us,"Deco Zone, LLC"
Matt,matt.heintz@teknateam.com,"Tekna, Inc."
Jin,jin@oneworlddmg.com,One World Design and Manufacturing Group
Karly,karly@chikacreative.com,CHIKA creative
Duane,duane@beaudotcreative.com,Beaudot Creative
Kimberly,kimberly@studiographe.me,Studio Grapheme
Ed,ed@ditherdog.com,Ditherdog.
Ken,ken.b@pdgdesign.net,Presentation Design Group
Michael,michael@niuminc.com,Nium
Greg,greg@aaronrhyne.com,Aaron Rhyne Designs
Nash,nash@seven1five.com,Seven1Five
Nixon,nixon@thielandthiel.com,Thiel & Team
Barbara,barbara@karpgraphicdesign.com,Karp Graphic Design
Dan,dan@getepic.com,Epic for Kids
Dale,dchristoffersen@designvox.com,designvox
Matt,matt_archuleta@tdipower.com,TDI Power
Ashleigh,ashleigh@ucreate.us,Ucreate Graphic Design
Tiera,tiera@fresh.international,Fresh Design International
Patrick,pgarnett@jcgweb.com,Jc Graphics
Victoria,vicki@mgdphilly.com,Masters Group Design
Robert,robertpace@allenwayne.com,Allen Wayne Design Studio
Ben,ben@aigasf.org,AIGA San Francisco
Cristina,cristina.balbo@turnerduckworth.com,Turner Duckworth
Christina,bianka@brandurname.com,Brand Your Name
Chris,cmiller@wayzatanissan.dealerspace.com,Wayzata Nissan
Lewis,lrector@gropen.com,"Gropen, Inc."
Sally,sally@massiveprints.net,Massive Prints
Alisha,alisha@scocreative.com,S co. Creative Design
Shawn,shawn@thedistrictsf.com,The District
Francisco,genesis@clonecreativestudio.com,Clone Creative Studio
Michael,michaeld@mediafrogg.com,Media Frogg Marketing and Communications
Danny,danny.cagen@hillandknowlton.com,DEADLINE STUDIO
Tyler,tyler@depiroentertainment.com,DePiro Entertainment & Designs LLC
Holly,hnelson@apha.com,American Paint Horse Association
Christine,cjohnson@ringling.edu,Ringling College of Art and Design
David,david.malachowski@turnerduckworth.com,Turner Duckworth
Zaur,zaur@beaconevo.com,Beacon Evo
Tyler,tcomrie@sva.edu,School of Visual Arts
Jo,jbidwell@southplainscollege.edu,South Plains College
Scott,scott@design500.us,Design 500 Inc
Joe,j.tomchak@solaricreative.com,Solari Creative
John,jm@graphicmaps.com,Graphic Maps
Patty,preed@boonecountytransit.com,Boone County Transportation
Jeremy,jeremy@spsmarketing.co.uk,SPS Marketing
Shannon,shannon@mammoth.design,Mammoth Design
Big,big.drop@bigdropinc.com,Big Drop Inc
Plamen,photo@domino-art.com,Domino Arts Photography
Ryan,ryan@gustodesign.co,Gusto Design Co.
Scott,scott@wink-mpls.com,Wink
Robert,robert@designadvantage.co.uk,Design Advantage
Nick,nick@nroushphoto.com,Nick Roush Photography
Michael,michael@mrfreeland.com,Freeland Design
Joe,joeb@lineandcirclestudio.com,Line & Circle
Ariane,ariane@akvisualmarketing.com,AK Visual Marketing
Michael,mike@lightspeedca.net,Lightspeed Commercial Arts
Justin,justin@rawbarcreative.com,RAWBAR Creative
Mark,mark@factuscreative.com,Factus Creative
Kerri,kerri@brimmingdesign.com,Brimming Design
Martina,martina@martinaelena.com,Martina Elena Web Design
Sam,sam@kittner.com,Kittner Studio
Andrea,andrea@soleilnyc.com,Soleil NYC
Christian,christian@brightdesign.com,Design Bright
Jennifer,jennifer@orangeinkdesign.com,"Orange Ink, LLC"
John,john@goshensigns.com,Goshen Sign Products
Janell,janell@whitespacegraphics.com,"White Space Graphics, LLC"
Amanda,amanda@pixelsandinkstudio.com,Pixels+Ink Studio
Tony,tony@typehigh.com,Type High Letterpress
Sandra,sbenton@shgltd.com,"S.hughes Imaging, LLC"
Nancy,nancy@signsolutionscny.com,Sign Solutions
Cecilia,cecilia@casapapel.com,Casa Papel
Bill,bsmith@smith-phillips.com,Smith Phillips
Keith,keith@sbtboise.com,Signs By Tomorrow - Boise
Mike,mike@lurecreativedesign.com,Lure Creative Design
Sameer,samg@unifiedmmg.com,Unified Media Marketing Group
Julian-,julian@magicwandstudio.com,Magic Wand Studio
Tiffany,tiffany@eye4graphics.info,eye4graphics
JJ,jjspelman@j2studio.com,J2 Studio
Barbara,barbara@wildblackberrystudio.com,Wild Blackberry Studio
Amy,amy@awdesignsllc.com,"AW designs, LLC"
Dan,dan@plan-logic.com,Planlogic Design Co.
Norman,norman@classicletterpress.biz,Classic Letterpress
Jeremy,jeremy@jeremywhighamdesign.com,MBR Studios
Casey,casey@caseyaltmandesign.com,Casey Altman Design Inc.
Rupal,rupal.patel@graphiccell.com,"Graphic Cell, Inc."
Ashley,ashley@goteama.com,team A design
Hamid,hamid@empowergraphics.com,Empower Graphics
Kira,kira@halfsparkle.com,HalfSparkle Studios
Emanuel,emanuel@sabagraphix.com,Saba Graphix
Wendy,wmoen@designnd.net,Design Dimension
Francis,freinhardt@image360whitemarsh.com,Image360 White Marsh-Middle River
Mike,mikehardy@hardydesignco.com,Hardy Design Co.
Heather,heather.vaartjes@impact-tech.com,Willow Creek Design
Christi,christi@innovate-bd.com,iNNOVATE branding & design
Brad,susan@bkinteriordesign.com,BK INTERIOR DESIGN LTD
Rushford,rushford@redkorbrands.com,REDKOR Brands
Gwen,gwen@creativeinstinct.biz,Creative Instinct
Alex,alammie@lhc.net,LHC Design
Greg,greg@whitcoe.com,G Whitcoe Designs
Jami,jami.alire@fervorcreative.com,Fervor Creative
Christine,christine@solaricreative.com,Solari Creative
Jason,jlefrock@studio217.net,Studio 217
Ahuva,ahuva@neondesignco.com,Neon Design Co.
Jill,jill@jillsahner.com,Jill Sahner Photography
Amy,amy@amyknappdesign.com,Amy Knapp Design
Luis,luis.diaz@helloideamonster.com,Idea Monster Co.
Courtney,courtney@knoxvillegraphichouse.com,Knoxville Graphic House
Craig,craig@thackerad.com,TAD - Thacker Advertising & Design
Jesse,jesse@jessehopkinsdesign.com,Jesse Hopkins Design
Trey,trey@hico.solutions,HICO Solutions
Kayla,kayla@ctrl-altdesign.com,CTRL + ALT DESIGN LLC
Erik,erik@whitespiderinc.com,"White Spider, Inc."
Misty,misty@mistydawndesigns.com,Misty Dawn Designs
Kevin,kevin@peartreeusa.com,"PearTree Design, LLC"
Wendy,ideas@trittenhaus.com,Trittenhaus Design
Leigh,leigh@landl.us,L+L Design
Tristen,tristen@onefivenine.org,159 Design
Chloe,chloe@notchdesignhouse.com,Notch Design House
John,john@walcottstudio.com,Walcott Studio
Tim,tim@straightlinestudio.com,Claro Creative Group
Rebecca,rebecca.roth@bespokecreativestudios.com,Bespoke Creative Studios
Elisabeth,elisabeth@humanature-studios.com,Human Nature Studios
Grace,grace@metzarts.com,Metz Art & Design LLC
Melanie,melanie@mspacedesign.net,M Space Design
Ken,kenforner@promotiongraphics.net,PROmotion Graphics
Rebecca,becky@monsterstudios.rocks,Monster Studios Llc
Dan,dolds@zebradesigns.net,"Zebra Designs, Inc."
Bryene,bshutt@bedesignscreative.com,BeDesigns Creative
David,david.phillips@davidphillipsphotography.com,David Phillips Photography
Kristen,kristen@whiteloftcreative.com,White Loft Creative
Jonathan,jonathan@novonaut.com,Novonaut Media & Design
Jessica,jessica@whitefoxdesignstudio.com,Whitefox Design Studio
Mary,mary@d1mg.com,New Leaf Digital Design
Lourdes,lourdes@media3sixty.net,MEDIA3SIXTY
Sonja,sonja@ashedesign.com,"Ashe Design, LLC"
Claudia,claudia@cagraphicdesign.biz,CA Graphic Design
Gaye,gaye@gayerothcreative.com,Gaye Roth Creative
Brian,briang@blueoctanedesign.com,"Blue Octane Design, LLC"
Kevin,kvicroy@720media.com,720media
Hal,hal@hhgraphics.com,Hal Hammond Graphics
Jorde,jorde@besomeonedesign.com,Be Someone Design Co.
Julie,julie@kindlingcreative.com,Kindling Creative
William,bill@hansdesign.com,Hans Design
Paul,paul.russell@teamgofficial.com,TeamG
Andrew,andrew@blackdotdesigns.com,Black Dot Designs
Anne,anne@speccreative.com,N/A
Nick,nick@noisedesignlab.com,NIKSU design
Craig,craig@craigdenis.com,Craig Denis Creative
Matthew,mkube@lathropgage.com,MK Design
Jon,jon@henjumcreative.com,Henjum Creative Inc
Ian,ian@brobeldesign.com,Brobel Design
Jonathan,jonathan@makewellmade.com,Makewell
Kim,kadams@tiger-studios.com,"Tiger Studios, Inc."
Chris,chris@cmeincgraphics.com,Creative Media Enterprises LLC
Slava,slava@cgrendering.com,CG Render Visualization Studio
Nancy,nancy@advancedsignsandgraphics.com,Advanced Signs and Graphics
Keri,keri@kerisojak.com,Keri Sojak Design Studio
Liz,liz@argylephotography.com,Argyle Photography
Loralee,loralee@wordservicesunlimited.com,Word Services Unlimited
Nicole,nicole@goose-works.com,GooseWorks
Bonny,bonny@dassart.com,Digital Art Studio S.L
Brad,brnellis@distillerydesign.com,Distillery
Jake,jake@dpintl.com,Dreampark International
Maurice,maurice@webaum.com,W&E Baum
Liz,liz@sheepdog-creative.com,Sheepdog Creative
Greg,greg@advantageone.biz,Advantage One Graphics
Scott,scott@cdsign.com,"Creative Designs Custom Signs, LLC"
Cristina,cbk@piccolinodesigns.com,Piccolino Designs
April,april@artformdesignstudio.com,Artform Design & Studio®
Tani,tani@splashoft.design,Splash of T Design
Amy,amy@fabudesigns.com,FabuDesigns
Lida,lida@lidaenche.com,Lida Enche Illustration and Graphic Design
Monica,monica@williamsoncreativeagency.com,Williamson Creative Agency
Susan,susan@smcreativenc.com,Susan McKenney Printing & Design
Debra,debra@dlsgraphics.net,DLS Graphics
Aimee,amaescher@nissedesigns.com,Nisse Designs
Bruce,bblakeney@sprintmail.com,EXCID - part of BEYOND COMMUNICATION
Don,don@perchmade.com,Perch Design Studio
Teri,teri@materialgraphics.com,Material Graphics
Adriana,adriana@inkwithintent.com,Ink with Intent
Jeff,jeff@jeffdeegandesigns.com,Jeff Deegan Designs
John,john@rightcreative.design,Right Creative
Charles,charles@mlinkdesign.com,Mlink Design
Erick,erick@epdp.co,Elevated Pixel
Kristen,kristen@crescendodesignstudio.com,Crescendo Design Studio LLC
Cole,cole@squidzink.com,Squidz Ink Design
Kristina,kristina@imaginedesignco.com,Imagine Design Company
Jim,jim@thejvpgroup.com,The JVP Group
Adi,adi@a-plus.design,A PLUS DESIGN STUDIO
David,david@safanda.com,David Safanda Design Solutions
Richard,richard@rogers-graphics.com,Rogers Graphics
Sean,sean@beaglefx.com,Beagle FX
Brandt,brandthoward@knickknackgames.com,Knick-Knack Games
Mary,mary@laurxdesign.com,Laurx Design
Christy,christy@dinglewooddesign.com,Dinglewood Design + Press
Rick,rick@hammergrafix.com,Hammer Grafix
Kirsten,kirsten@pastelblack.net,Pastel Black Design
Brian,brian@brianniemanninsurance.com,Niemann Design
Stephanie,stephanie@jaxdesign.com,JAX Design
Linda,linda@zaledesignstudio.com,Zale Design Studio
Valerie,valerie@designdirections.com,Design Directions Interiors
Bill,bill@billbrowndesign.com,Bill Brown Design
Jeff,jeff@daytonasportswear.com,Daytona Sportswear
Amanda,amanda.adams@aadesignworks.com,A&A DesignWorks
Candace,candace@nustagroup.com,Nusta Group
Joe,joe@joeprovoracewear.com,Joe Provo Racewear
Paul,paul@fluidprints.com,Fluid Prints
Karl,karl@kwkproductions.com,KWK Productions
Jim,jim@redeyedesigns.net,Red Eye Designs
Karl,karlg@taodesigns.com,Taodesigns
Jared,jared@designsprout.co,Design Sprout Co.
Julie,julie@jeprographics.com,JE Productions Graphic Design
Andy,andy@pixeljett.com,Pixeljett
Meghan,meghan@gracefullynoted.com,gracefully NOTED
Cindy,cindy@shotimegraphics.com,ShoTime Graphics
Paul,mort@felthat.com,The Felt Hat
Hailey,hailey@coldnoble.com,Cold Noble Creative
Megan,megan@praxisdesignstudio.com,Praxis Design Studio
Gazmend,gazmend.veliu@fastsigns.com,FASTSIGNS®
Patrick,patrick@enthrown.com,758 Studios
Justin,justin@summitdesigns.net,Summit Designs
Emily,emily@jeanjudd.com,Sisters In Stitches
Peg,pegogle@pegogle.com,Peg Ogle Design
Jeremy,jeremy@stucksolid.com,Peg Ogle Design
