Name,Email,Company
Caroline,caroline.reeve@alturadesign.com,"Altura Design, Inc."
Julie,julie@jkcreative.design,JK Creative
Kelsey,kelsey@vocaldesignco.com,Vocal Design Co.
Karen,karen@rhymeandreasondesign.com,Rhyme & Reason Design
Ben,ben@modusdd.com,"Modus Design & Development, Inc."
Anna,anna@annamakesmagic.com,"Anna Makes Magic, LLC"
Collin,collinbelt@iceninestudios.com,Belt Creative
Linda,lindae@adessentialsonline.com,Ad Essentials
Cody,cody@caavadesign.com,Caava Design
Dave,dave@greenduckstudio.com,Green Duck Studio
Donna,donna@bluebutterfly.com,BlueButterfly
Vanessa,vanessa@tpddesignhouse.com,TPD DESIGN HOUSE
Megan,meganbullock@meshfresh.com,Studio MESH
Henrique,henrique@altarcda.com,Altar
Stan,stan@stanbranding.com,© STAN Branding Agency
Michael,michael@matthewbatchelor.co.uk,MB Communications
Rob,rob@rvsf.co,RVSF Inc.
Michelle,michelle@planetfab.com,PlanetFab Studio
Sonny,s.antonio@sunshinedesignllc.net,Sunshine Design
Alexandra,alex@rubyandcitrine.com,Ruby + Citrine
Stephanie,s.lee@therosebrand.com,The ROSE Brand
Cheryl,cheryl@hk-ny.com,Hyder + Krasnoff
Major,major@creatorshd.com,CreatorsHD
Tim,tim.bowen@creativeslice.com,Creative Slice
Andy,andy@amdesigngroup.com,a.m. design
Jennifer,jj@elixirdesign.com,Elixir Design
Ross,ross.kimbarovsky@crowdspring.com,crowdspring
Chris,cbraun@studio928.com,Studio928
Tommy,tommy@tommyblake.com,Tommy Blake Design
Meg,studer@siteations.com,Siteations
Zach,zach@easypetes.biz,Easy Pete's
Sofi,iam@allismachine.com,All is Machine
Maria,mordonez@parrotfishstudio.com,"PARROT FISH STUDIO, INC."
Linda,linda@septemberpeople.com,September People
Doug,doug@douglattery.com,Doug Lattery Graphic Design
Dani,ahoy@hazardhouse.co,Hazard House
Nichole,nichole@snipesdesign.com,n.Snipes Design
David,david@dbilly.com,Dutchess & the Queen
Ronny,rkraft@metakraftlabs.com,Meta.Kraft.Labs
Zach,zach@papercloud.studio,Paper Cloud Creative
Sara,skyle1@fordham.edu,Fordham University
Ethan,ethan@commoncollectif.com,Common Collectif
Shane,shane@gofisheye.com,Fisheye Inc
Cayla,cayla@fermentstudio.com,Ferment Studio
Aireen,aireen@brimbranding.com,Brim Branding
Shelley,shelley@thatgirlshelley.com,That Girl Shelley
Juliana,juliana@meltdesign.com.br,MELT®
Julianne,julianne@designoldtown.com,Design Old Town
Meghan,m@null-la.com,NULL-LA
Kassia,kassia@onekcreative.com,One K
Steve,steve@resinllc.com,Resin Design
Brian,brian@axysmedia.com,AXYS Media
Greg,greg@qvisiontechnology.com,QvisionTechnology
Ash,ash@radhattermarketing.com,"Rad Hatter Marketing, LLC"
Chuck,chuck@hilltopdesigngroup.com,Hilltop Design Group
Kara,kara@alsoknownas.studio,Also Known As
Conner,conner@connerpro.com,Conner Productions
James,james@bleubugdesign.com,Bleubug Design
Wednesday,wwolf@wednesdaywolf.com,Wednesday Wolf
Jason,jason@h3webdesigns.com,"H3 Designs, LLC"
Asi,asi@atmanagementfl.com,At Management
George,george@loomco.net,Loom Co.
Eddie,eddie@eddan.co,Eddan Technologies
Stephanie,stephanie@wecora.com,Wecora
Barbara,barbcole@commat.com,"COMMUNITY MATTERS, INC."
Natalie,natalie@nmrdesigns.com,NMR Designs
Justin,justin@brandengine.co,Brand Engine | Creative Branding Agency
Katherine,katherine@naranjodesigns.com,Naranjo Designs Creative Studio
Lenny,lenny@livecolors.com,Live Colors Inc
Malena,malena@southworthdesign.co,Southworth Design Co.
Jolyn,jolyn.vanneste@fluo-visual.com,Fluo Visual
Robyn,robyn@droolybird.com,Droolybird
Robert,robert@commuter.industries,Commuter Industries
Michelle,mstanderfer@interwovendesigns.com,Interwovendesigns
Liam,liam@brockledesign.co.uk,Brockle Design
Esmae,ev@dps.team,Divine Persuasion Studio
Krzysztof,kp@takticstudio.com,Taktic Studio
Laura,laura@animalsvoice.com,Animals Voice
Alexander,adinuzzo@alginny.com,Algin Management Co
Joseph,joseph@bureaumade.com,BUREAU
Ronnie,ronnie@pitchdeckedge.com,Pitch Deck Edge
Michael,mrichards@richardsdesign.com,"Richards Design Group, Inc."
Ryan,ryan@ryansaghian.com,Ryan Saghian Interiors
Andrew,andrew@themovetic.com,Movetic
Liset,liset.alanis@lisetalanis.com,Liset Alanis Designs
Kwame,kwame@kwameand.co,Kwame & Co.
Bar,barbaloul@whitewolftechnology.com,White Wolf Technology
Bill,bill@apolloridgedesign.com,Apollo Ridge Design Group
Taylor,taylor.alarcon@columbia.edu,Columbia University
Michelle,creative@thirtyone25.com,Thirtyone25
Chris,chris.newport@formulate.gb.net,Studioworks
Tracey,tracey@cloud10studios.com,Cloud 10 Studios
Melody,melody@yung.studio,Yung Studio
Ray,ray@granviastudio.com,GRANVIA Studio
Rich,richwebster@richardmediacompany.com,Richard Media Company
Karen,karen@kareracter.com,Kareracter
Kevin,kevin@vanitygeeks.com,Vanity Geeks
Drew,drew@wemakecoolshit.co,Make Cool Sh*t
Ryan,ryan@aldencreative.com,Alden Creative
Ashleigh,ashleigh@typeastudio.com,Type A Design & Letterpress Studio
Tom,tom@tomcoxdesign.com,TOM COX Design Studio
Carolyn,carolyn@cgkdesigngroup.com,CGK Design Group LLC
Max,max@autobody.studio,AUTOBODY®
Bob,robert@bwcreative.com,Bostonwest Creative
Nat,nat@cactus.is,Cactus
Nicholas,nicholas@fresqo.com,Fresqo
Kaitlin,kaitlinm@polyplasticforms.com,Polyplastic Forms Inc
Bob,bob.bostain@rdb.rw,Rwanda Development Board (RDB)
Simon,simon@doubletake.design,Double Take Labs
Steve,steve@worstofalldesign.com,Worstofall Design
Susan,susan@usda.gov,USDA
Esteban,eprieto@astroted.com,Astroted
Nick,ndeangelis@ringling.edu,Ringling College of Art and Design
Rosendahl,rosendahl@rosedesign.co.uk,Rose
Mia,mia.nicolaisen@elkayinteriorsystems.com,Elkay Interior Systems
Dan,dan@thedesigndepartment.net,"Design Department, Inc."
Ian,ian.colburn@multi.studio,Multistudio
Carl,cfalco@falcodesign.com,"Falco Design, Inc."
Joe,joe@helixdesign.com,"Helix Design, Inc."
Matt,mchaiken@waremalcomb.com,Ware Malcomb
Phil,pluong@philipluongdesigns.com,"Philip Luong Designs, Inc."
Wendy,wsilverman@silvermandesign.com,Silverman Design
Corey,c.collins@cordaviibrands.com,Cordavii Brand Consulting
Matt,mbrady@waremalcomb.com,Ware Malcomb
Robert,robert.henderson@flybuggers.com,Henderson Consulting
Nora,nora.leco@thinkcompany.com,Think Company
James,jim@signresourcesnc.com,Sign Resources of NC Inc.
Patrick,pcarter@63visual.com,63 Visual
Michelle,michelle@cohesivedg.com,Cohesive Design Group
Ken,ken_small@designpac.com,"DesignPac Gifts, LLC"
James,jhall@bowmanconsulting.com,Bowman
Dan,dschwab@pointconcepts.com,Point Concepts
John,jcurran@asdnet.com,ASD | SKY
Andrew,abudlong@grovecomm.com,Grove Communications
Ben,bz@bzdesign.com,BZDesign
Greg,ghedges@chasedesign.net,ChaseDesign
Lindsey,lindsey@alt-creative.com,Alt Creative (ATX Multimedia)
Jim,jim@printingbyjohnson.com,Printing By Johnson/Lee Printing Co.
Trisha,trisha@studioidc.com,Studio IDC
Marc,marc@marcrubinassociates.com,Marc Rubin Associates
Michael,mmartin@thekmagroup.com,KMA Design
Brian,brian.johnston@fastsigns.com,FASTSIGNS®
Brad,bradh@fortyninedegrees.com,Forty Nine Degrees
Eleazar,eleazar@ethosstudios.com,Ethos Creative Studios
Frank,fhuertas@cpi-gc.com,Construction Professional
Justin,justin.nemic@fwhaxel.com,F.W. Haxel LLC
Edward,ed@greenmediacreative.com,"Green Media Creative, Inc"
Eddie,elee@square2.com,Square Two Design
Steve,steve@bighousegraphix.com,bighouse graphix
Clara,cwasshem@forge-signworks.com,Forge Signworks
Melanie,m.taylor@dwsinc.biz,Design Works Studio
Gregg,gregg@lukedesign.com,"Lukasiewicz Design, N.Y"
Chris,chris@graffixinc.com,Graffix Inc
Ed,ecoumou@cpfmarketing.com,CPF Marketing Communications
Sally,sally@paintedpiecesltd.com,Painted Pieces Art & Graphics
Taylor,taylor@steadfastdesignfirm.com,Steadfast Design Firm
Jim,jcummings@lifecelebration.com,John F. Givnish Funeral Home
Barbara,bmurphy@murphy-design.com,Murphy Design
Judd,jalbrecht@presentermedia.com,Presenter Media
Anton,aveigas@whitneyveigas.com,Whitney Veigas
Margaret,margaret@eastcoastartisans.com,"East Coast Artisans, Inc."
Steve,steve@boxexpressmfg.com,Box Express
Bill,bill@visiondoesit.com,Vision Graphics
Matt,matt@ibeccreative.com,iBec Creative
Joshua,josh@garfieldsigns.com,Garfield Signs & Graphics
Glenn,gcartledge@asdnet.com,ASD | SKY
Stephan,szerambo@designsensory.com,Designsensory
Beverly,bparker@asdnet.com,ASD | SKY
Bill,bill@messengercorp.com,Messenger
Irwin,ihosea@wpmv.com,Weatherproof Garment Company
Bob,bob@ilium.com,Ilium Associates
Richard,richards@ashdowntech.com,"Ashdown Technologies, Inc."
Renee,renee@pixelvisioninc.com,PixelVision Inc.
Paul,paulj@exoticsigns.com,Exotic Signs Inc
Daniel,daniel.n@weareyourstudio.com,YourStudio - Strategy & Experience Design Agency
Rich,rpine@surge-innovations.com,Surge Creates
Jay,jgornitzky@empireblended.com,Empire Blended Products
Pauline,pauline@pm-creative.com,PM Creative
Howard,howard@fossilgraphics.com,"FOSSIL INDUSTRIES, INC."
Benjamin,ben@northerncreative.com,Northern Creative LLC
Dave,david.carstairs@paragonsol.net,Paragon Solutions
Scott,ssmith@biscuitsandbath.com,Biscuits & Bath
Lisa,labendschein@ubtc.net,United Banking Company
Rebecca,pirko004@umn.edu,University of Minnesota
Bob,bob@swansonadv.com,Swanson Advertising
Kelly,kelly@brainstormiowa.com,Brainstorm Iowa
Troy,troy@graphicsexpressllc.com,Graphics Express LLC
Brian,brianf@bdfox.com,B.D. Fox & Friends
Billmilton,justcourts@basketballcourts.net,Gym Masters Basketball Courts
Ali,agee@brontosaurus-graphics.be,Brontosaurus
Rick,rakers@akerssigns.com,Akers Signs
Peter,pkorpel@bentleygraphics.com,Bentley Graphic
Enrico,enrico@marblemade.co,Marble Made
Daryl,daryl@brownenterprisesusa.com,Brown Enterprises
Thomas,tombara@riversedgedesigninc.com,"River's Edge Design, Inc."
Bill,bill@alliancedesign.com,"Alliance Design, Inc"
Polly,polly@imagine-red.com,imagine RED
Christie,christie@campfireandco.com,Campfire & Co.
Trevett,tmccandl@kean.edu,Kean University
Emily,emily@colorboxindustries.com,Colorbox Industries
Jason,jasonw@jwmprods.com,Jwm Productions
Kristin,kristin@grainandmortar.com,Grain & Mortar
Joe,joe@alsodept.com,ALSO DEPT.
Jason,jason@castinghl.com,Heery Loftus Casting
Jordan,jordan@thebananaland.com,The Bananaland
Ike,ike@ucreate.us,Ucreate Graphic Design
Elena,elena@elefant.design,Elefant
Zaar,zaar@wecreativepartners.com,We Creative
Sally,sally@sallymorrowcreative.com,Sally Morrow Creative
Bill,bill@identitygraphicdesign.com,Identity Creative | Brand Builders
Pauline,pauline@framework-co.com,FRAMEWORK
Ron,ron@yyes.org,YYES
Jeffrey,jeff@playlab.org,"PLAYLAB, INC."
Martin,martin@swerveinc.com,"Swerve, Inc."
Liam,liam@grafx.co,GRAFX CO.
Colin,colinc@schillerprojects.com,Schiller Projects
Jo-Lin,jo@champcohen.com,ChampCohen Design Associates
Malcolm,malcolm@rocketkoi.com,Rocketkoi
Mark,nelson@mccallassociates.com,McCall Associates
Domenic,dom@thedesignspot.com,The Design Spot
Gordy,gordy@rossluthin.com,Ross Luthin Creative
Cam,cam@mightyclever.com,Mighty Clever
Bill,bill@incdesign.com,Inc Design
Jennifer,jennifer@impelcreative.com,"Impel Creative, Inc."
James,james@revisionautomedia.com,ReVision Automedia
Dino,dino@foundry.la,Foundry LA
Brent,brent.mcmahon@fluidmedia.com,MODE
Karan,karan@slimpanda.in,Slim Panda
Bill,bill@lambertletterpress.com,Lambert Letterpress
Shirin,shirin@nymannouri.com,"Nyman Nouri Associates, Inc."
Michael,michael@thinkinvictus.com,"Invictus, LLC"
Kandace,kandace.ayala@goodwatermontessori.org,Goodwater Montessori School
Marva,marva@marshdesign.co.uk,Marsh Design
Carlos,carlos.francisco@hba.com,HBA/Hirsch Bedner Associates
Paul,paul@seamonsterstudios.com,SeaMonster Studios
Gregory,mktg@waremalcomb.com,Ware Malcomb
Frank,frank.carcioppolo@artandassociates.com,A-R-T & Associates
Jess,jess@fourfincreative.com,Four Fin Creative
Kate,klyle@waremalcomb.com,Ware Malcomb
Morrison,sidart@moorgraphix.com,Moor Graphix
Megan,megan@radialinear.studio,Radialinear Studio
Heather,hplank@tenfoldbrand.com,TENFOLD®
Todd,todd@irondesign.com,Iron Design
Alexey,alexey@ashton-design.com,Ashton Design
Miriam,miriam@walshdesign.com,Walsh Design Inc.
Ryan,ryan.hall@radiusinnovation.com,Radius Innovation & Development
Maria,maria.guizar@hba.com,HBA/Hirsch Bedner Associates
Matthew,matt@krupitskydesign.com,Krupitsky Design
Todd,tw@instrumental.agency,Instrumental
Dan,dan@thetypefounders.com,The Type Founders
Ali,acostikyan@chasedesign.net,ChaseDesign
Nand,nand@formerfactory.com,"formerfactory, llc"
Robert,robert@priestandgrace.com,Priest + Grace
Marc,lawdoc@marcdarrow.com,Stem Cell Institute
Christopher,christopher_eng@aiga.org,AIGA Design
Nancy,nancy@movidea.com,Movidea Design
Andrea,abomkamp@chasedesign.net,ChaseDesign
Shoam,shoam@hellopicnic.studio,Picnic Creative Studio
Amanda,amanda.harper@gouldevans.com,Multistudio
Marta,martabernstein@msegrip.com,Koto
Erica,egodun@waremalcomb.com,Ware Malcomb
Lina,lina@onlychildesign.com,Onlychild Design
Jim,jim.h@wearebulletproof.com,Bulletproof
Breehn,breehn.sasaki@turnerduckworth.com,Turner Duckworth
Joseph,josephc@creativemediaworks.com,Creative MediaWorks
Jeniffer,j@monkeycmedia.com,Monkey C Media
Jake,jake.santerre@desygner.com,Desygner
Alex,alex@koto.studio,Koto
Jeremy,jeremy@agwraps.com,AGWraps
Javier,jc@nanz.com,The Nanz Company
Paul,paul.weathers@erwinpenland.com,Drum Creative
Vincent,vsorge@waremalcomb.com,Ware Malcomb
Ruth,ruth.shira@elkayinteriorsystems.com,Elkay Interior Systems
Thomas,thomas.bouvay@zbcmarietta.org,Currently Seeking Opportunities
Macoe,macoe@fourfincreative.com,Four Fin Creative
Brooke,brooke.tumsaroch@edgdesign.com,EDG Interior Architecture + Design
Genevieve,genevieve.nguyen@alturadesign.com,"Altura Design, Inc."
Rich,rich@imaginationpad.com,Imagination Print & Design
Mike,mmoore@sqpeg.com,Square Peg Design
William,bill@kellydesigncompany.com,Kelly Design Company
Jeff,jeff@jeffrigsby.com,Rigsby Design Company
Ryan,ryan@crowncreative.com,Crown Creative
Anna,anna@amariedesignco.com,Amarie Design Co.
Marty,marty@doddcreative.com,Dodd Creative Group
Natalia,natalia@francotennisacademy.com,Power Up Brand + Design
Karen,karen@sarankco.com,SARANKCO: Creative Studio
Matt,matt@fervorcreative.com,Fervor Creative
Chris,chris@turnerduckworth.com,Turner Duckworth
Mark,mark@bionicegg.com,Bionic Egg
Nick,nick@designity.com,Designity
Austin,austin@mantrasupply.com,Mantra Supply Company
Richard,richard@thecreativeagency.marketing,creative.
Rita,rlavery@laverydesign.com,"Lavery Design Associates, Ltd."
Jeromie,jeromie@primarytheory.com,Primary Theory
Glenn,glenn.jozwiak@nice.com,NICE
Angela,angela@murmurcreative.com,Murmur Creative
Chris,chyde@ciphercreativegroup.com,"Cipher Creative Group, LLC"
Erik,ek@evnusa.com,eVN Inc.
Ashley,ashley@ashleymattocksdesign.com,Ashley Mattocks Design
Emily,emily@bldgbrands.com,BLDG Brands
Ada,ada@retrofitdesign.net,Retrofit Design
Abby,abby.farson.pratt@journeygroup.com,Slant Communications Design
Marc,marc@breakmaiden.co,Break Maiden
Rodrigo,rlondono@catapult13.com,Catapult 13 Creative Studios
Brian,brian@designity.com,Designity
Hugh,hugh.broughton@envisionmedia.us,Envision Media
Leo,leonieter@skytonestudio.com,Skytone Studio
Jeff,jeff@hesterdesigns.com,Hester Designs
Jon,jwalsh@ringling.edu,Ringling College of Art and Design
Amy,amy@lucicreative.com,Luci Creative
Rob,rsudduth@thinkshopcreative.com,The Think Shop
Kris,kris@mindyour.design,Mind Your Design
Becky,bowens@ringling.edu,Ringling College of Art and Design
Allison,allison@papertiger.com,Paper Tiger
Maria,maria@marianikolis.com,Maria Nikolis dot Studio
Kristel,kristel_gregorio@designpac.com,"DesignPac Gifts, LLC"
Sarah,sanderson@lucicreative.com,Luci Creative
Alex,alex@pellmer.com,Pellmer Creative
Tom,tom@percolatedigital.tv,Percolate Digital LLC
Irene,irene@acecreative.biz,Ace Creative
Conor,conor@bluecarbonkc.com,Blue Carbon Design
Susan,ssanders@museumofdesign.org,Museum of Design Atlanta (MODA)
Jake,jduke@specsonline.com,Spec's Liquor
Paula,pparker@artandassociates.com,A-R-T & Associates
Monica,monica@commercialtype.com,Commercial Type
Dana,dana@zimmermadich.com,Zimmer | Madich
Bridget,bridget@withbutler.com,BUTLER
Hadley,hsavoldi@chasedesign.net,ChaseDesign
Stephen,stephen@chalk242.com,CHALK 242
Ryan,ryan@ryankrukowski.com,Ryan Krukowski Media
Brandon,brandon@mixdesign.com,mixdesign
Mary,mary@chereeberry.com,Cheree Berry Paper & Design
Kevin,ksellers@pcsk12.org,Presbyterian Christian School
Dustin,dc@andromedavisual.com,Andromeda
Tyler,ts@research-design.info,Formation
Kathy,kathy@missiondesigns.com,Mission Designs
Leo,leo@copa.design,Copa Design
Andrey,andrey@toppackagingdesign.com,Top Packaging Design
Maureen,maureen@cofection.com,cofection
Sheri,sheri@soleildesign.com,Soleil Design
Robert,robert@effusiondesign.com,Effusion Creative Solutions
David,dave@bomberodesigns.com,Bombero Designs
Derrick,derrick@lotuscreative.com,LOTUS Creative
Jake,jake@illicitwebdesign.co.uk,Studio Illicit
Jesse,jesse.ekstrom@anchorops.com,Ekstrom Creative
Michael,mike@bdci.co.uk,The Blueprint Design Company Limited
Annette,annette.farabaugh@cityworks.biz,"CityWorks People + Places, Inc."
Chris,chris@siotes.com,Siotes
David,spratte@halo22.net,HALO 22
Robin,rharris@harrisdesigninc.com,Harris Design Inc.
Matt,mlukens@theapiarystudios.com,The Apiary
Marc,marc@fcicreative.com,FCI Creative
Eric,ebrown@franklyn.co,Ashby Social
Roxanne,roxi@multimediafocus.com,Multimedia Focus LLC
Michael,mike@fischercpa.com,Michael P Fischer CPA
Rebecca,rebecca@icepond.com,Ice Pond Studio
Jon,jonl@experience49.com,Forty Nine Degrees
Nicolle,nmendoza@tumbleweedsocial.com,TumbleWeed Social
Alex,alex@cohesive.cc,Cohesive Creative and Code
Meredith,meredith@doddcreative.com,Dodd Creative Group
Cristian,cristian@hunterandgatti.com,Hunter & Gatti
Stephen,hawk@hawkdesign.net,Hawk Design
Gary,gary@klingemanndesign.com,Klingemann Design
Olivia,odumas@ringling.edu,Ringling College of Art and Design
Bryan,bry@fattrees.com,FAT TREES DESIGN STUDIO LLC
Jim,jim@nykieldesign.com,Nykiel Design
Holley,holley@universityscreenprint.com,University Screenprint
Ty,ty@immersionresearch.com,Immersion Research
Matt,matt@cubicflow.com,Cubicflow
Mark,mark.smith@westessexgraphics.com,West Essex Graphics
Syra,syra.hanif@syraaesthetics.com,Syra Aesthetics
Damion,damion@damionwagner.com,Damion Wagner Graphic Design
Anthony,anthony@entwurf.co.uk,Entwurf
Mare,munala@eaglerock.org,Eagle Rock Ministries
Kathryn,kathryn.gruver@elevenpeppers.com,Eleven Peppers Studios
Alexis,alexis@poeticcases.com,Poetic Cases
Chad,chad@circacreates.com,Circa
Weiqiang,weiqiang_gu@waters.com,Jc Graphics
Barbara,barbara@peregrineassociates.com,Peregrine Associates
J,jalvarez-isasi@jga.com,JGA
Kesha,kesha@realmstudios.co.za,Realm Studios
Justin,justin.boland@schawk.com,JB Design
Cheryl,cheryl@yhdmarketing.com,Yellow House Design and Marketing
Sue,sserra@cgiinteractive.com,CGI Interactive
Eric,eric@redcorecreative.com,Redcore Creative Group
Marigrace,marigrace@alsipchamber.org,Alsip Chamber Of Commerce
Kevin,klentz@creativelicenseintl.com,Creative License International
Dennis,dbicksler@nmsgbooks.com,North Market Street Graphics
Rick,rick@creatableinflatables.com,Creatable Inflatables
Ray,ray@recreative.com,re:creative
John,john@johnjhilldesign.com,John J. Hill Design
Deecy,deecys@designvox.com,designvox
Jill,jill@mgtdesign.com,MGT Design
Frankie,frankie@etbe.org,East Texas Baptist Encampment
Richmond,richmond@3dmaquetes.com,RP Studio
Matthew,matthew@wrh-illustration.com,"Wood Ronsaville Harlin, Inc."
Andrea,andrea.toth@enlisteddesign.com,Enlisted Design
Arika,al.@paragon4design.com,Paragon Solutions
Jonathan,jonathan@pagedesigngroup.com,Page Design Group
Eric,eric@nordiccompanyinc.com,Nordic Company inc
Tiffany,tkeeler@lakeviewrehabcare.com,Lakeview Rehabilitation Center
Mitchell,mitchell.holloway@frx.com,Forest Pharmaceuticals
Lee,lharrell@ringling.edu,Ringling College of Art and Design
Matthew,m.wojtaszek@why-design.co.uk,Why Design Studios
Dusce,dmarcc@yfc.net,Youth For Christ USA Inc.
Chelsie,ctamms@letteringworks.com,Lettering Works
Mike,mike@image360woodbury.com,Image360 Woodbury
Crystal,crystal@daviesdesigns.net,DAVIES DESIGNS STUDIO
Howard,hpotter@masteryourimage.com,A & P Master Images
Alyssa,alyssa@ampddesigns.com,Amp'd Designs
Teresa,teresa@juniorolivedesigns.com,Junior Olive Designs
Ryan,ryan@blaxstudios.com,"BLAXSTUDIOS, LLC"
Kelly,kelly@blendercreativeco.com,Blender Creative Co.
Lane,lane@lanebutz.com,"Lane Butz Design Group, Inc."
Lori,lori@designlbs.com,DesignLBS
Danielle,danielle@oliompls.com,Olio
Sarah,sarah@swelldesign.co,Swell Design LLC
Kelly,kelly@pinkchampagnedesigns.com,Pink Champagne Designs
Lexi,ahoy@lexistout.com,Lexi Stout Creative
Billy,billy@deliciousdesignleague.com,Delicious Design League
Barbara,barb@barbhicks.com,"B-Graphic, LLC"
Tim,tmartin@redtaildesign.com,Red Tail Design Company
Pedro,pestanga@peslab.com,PES Motion Studio
Stephanie,stephanie@emberstudio.com,Ember Studio
Benjamin,benjamin@vivadesignco.com,Viva Design Co
Steve,sallen@allencreative.com,Allen Creative
Paul,paul.eibe@uniquealaska.com,Unique Designs
Amy,ayoung@bigblastmedia.com,Big Blast Media
Karin,graphics@clearimages.com,"ClearImages Design, Inc."
Keith,keith@fervr.co,Fervr Design
Cinnamon,cinnamon@1809design.com,1809 Design
Heather,hseeley@snakebitedesign.com,"Snakebite, Inc."
Matt,matt@turnstylestudio.com,Turnstyle
Mary,mary@christiansondesign.com,Christianson Design
Erin,erin_ellison@triogd.com,Trio Graphic Design
Claudia,cgerster@creativelicenseintl.com,Creative License International
Cindy,cindy@the-creative-connection.com,The Creative Connection
Ryan,rmartin@infantree.com,Infantree
Scott,scarline@axleboy.com,Axle Boy Enterprises
Dan,dan@danielcollinsdesign.com,"Daniel Collins Design, LLC"
Carol,carol@studio192.co,STUDIO192 AND CO
Robert,robert.dittmer@mobilitydriven.com,Legacy Photography LLC
Heather,heather@woodchuckarts.com,Woodchuck Arts
Jared,jared@badoobie.com,Jared Granger Design
Kelly,kelly@naturaldesignandgraphics.com,Natural Design & Graphics
Peter,peter@pelland.com,Pelland Advertising
Jenny,jennifer@jennytod.com,Jenny Tod Creative
Brent,brent@pathstudio.com,Path Studio
Ben,ben@scribbleben.com,Scribble Ink
Tony,tony@ifcstudios.com,IFC Studios
Kaala,kaalapowers@instagram.com,Willow Creek Design
Barry,barry.hutzel@bazzadesign.com,Bazza Design
Kristina,kristina@kristinalynnphoto.com,Kristina Lynn Photography & Design
Tina,tina@lekasmiller.com,LekasMiller Design
Brian,brian@cipherimaging.com,Cipher Imaging
Carolyn,cwalker@greatimpress.com,Great Impressions LLC
Kara,kara@karaanneandco.com,Kara Anne & Co LLC
Brad,brad@torchcreative.com,Torch Creative
Joshua,josh@joshp.com,Joshua Pfeffer | Graphic Design
Kyle,kyle@trafficsafetydirect.com,TRAFFIC SAFETY & EQUIPMENT CO.
Teresa,teresa@flamingodesign.net,Flamingo Design
Joann,joann@foppevisual.com,Foppe Visual Communication
William,bill@gomedia.com,Go Media
Karli,karli@colorworkscreative.com,ColorWorks Creative
Alesha,alesha@aleshacreates.com,Alesha Creates
Mandy,mandy@squashblossomdesign.com,Squash Blossom Design
Bert,bert@cryptosolicitations.com,Cryptosolicitations
Robert,robert@labcreative.co,"The Lab Creative, LLC."
Devin,devin@hatchcs.com,Hatch Creative Services
Billy,dawgbert@dawgbyteproductions.com,DawgByte Productions
Elaine,efroehlich@activesurface.com,Active Surface Design
Zachary,zach@northhillscreative.com,North Hills Creative
Aaron,aaron@pavlovsbrew.com,PAVLOV'S BREWING COMPANY
Robert,rob@rfrankphotography.com,R Frank Photography
Jennifer,jennifer@dancingfishdesign.com,Dancing Fish Design
Jeff,jwalter@e-gcg.com,Graphic Communications Group
Theresa,theresa@canoecirclegraphics.com,Canoe Circle Graphics
Robert,rob@corsetti.com,Corsetti Design
Allen,acrawford@planktonart.com,Plankton Art Co
Gordon,gordon@slickfish.com,"SlickFish Studios, LLC"
Todd,todd@bitnbydesign.com,Bit N by Design LLC
Julie,julie.arnold@pierlightmedia.com,Pier Light Media
Craig,craig@touchstudionyc.com,Touch Studio LLC
Joe,joe@inhousegraphicsinc.com,In-House Graphics Inc.
Rodney,racker@matcor.com,"MATCOR, Inc."
Robert,rplatz@builderdisplay.com,Builder Display & Art
Andrew,andrew@wespitfire.com,Spitfire Creative [graphic design]
Ron,ron.bogert@llproducts.com,L&L Products
Michelle,michelle@roughandready.media,Rough & Ready Media
David,david@graphicworksatlanta.com,Graphic Works Inc.
Bryan,bryankeith@nomancydesign.com,Nomancy Design
Beth,beth.howard@wildehandmade.com,Wilde Designs
Christine,christine@bluemarblecreative.com,Blue Marble Creative
Paul,paul@apextactical.com,Apex Tactical Specialties Inc
Camila,camila@nuagedesigns.com,"Nuage Designs, Inc"
Barbara,barbara@tanisdesign.com,Barbara Tanis Design
Renee,renee@melismaticdesigns.com,Melismatic Designs LLC
Ray,rcw@phiszdesign.com,Phisz Design
Crystal,crystal@crystalpixelllc.com,Crystal Pixel LLC
Jeffrey,jeffrey@eskabar.com,Eskabar Creative
Ronney,ronney@ifixpictures.com,Ronney Braunstein's photo restoration & retouching
Crystal,crystal@ccreativellc.com,C. Creative LLC
Wendy,wendy@fancypantsstudio.com,Fancy Pants Studio
Ariana,ariana@deltorodesigns.com,Del Toro Designs
John,john@neinercreative.com,Neiner Creative
Karen,karen@pinix.com,Pinix Design Studio
Dan,dan@marquissigns.com,Marquis Signs
Tait,tait@sunddesign.com,Sund Design
Troy,tmumm@thirdsun.com,Third Sun Productions
Josh,jfeller@colorzone.com,COLORZONE
Brenda,brenda@primadesignltd.com,Prima Design Ltd
Lillyan,lilly@thebrandingiron.us,"The Branding Iron, LLC"
Shannon,shannon@so-designs.com,Shannon Obrecht Design & Branding
Rolando,rolando@mycompanysite.com,My Company Site
Luke,luke@ribbitmultimedia.com,Ribbit
Ted,ted@prevalentdesign.com,Prevalent Design
Alexander,alex@seasonsplayingcards.com,Shung Shung
Mark,mark@memfilms.com,MEM Media
Jason,jason@abbottdesigns.com,Abbott Designs LLC
Ray,ray@graphicsfl.com,Graphics Direct Inc
Josh,jmoore@dfwvt.com,DFW Virtual Tours
Justin,justin@jmarcdesigns.com,J. Marc Designs
Michael,michael@kaleidoscopic.design,Kaleidoscopic
Chad,chad@whitespacedesigns.net,"WhiteSpace Design, LLC"
Erika,erika@efg.xyz,EFG Creative
Michelle,michelle@ilivetocreate.com,I LIVE TO CREATE
Kim,kim.m.downs@kcc.com,"Blue Design Co., LLC"
Brad,ghormley@catapultu.com,Catapult Strategic Design
Tracy,tracy@webworkinternational.com,Web Work International
Ellen,eweldon@weldondesign.com,Ellen Weldon Design LLC
Jeff,jeff@absoluteimpressionsinc.com,Absolute Impressions
Paul,paul.farris@paulfarrisevents.co.uk,Paul Farris Design
Craig,craig@aviongraphics.com,Avion Graphics Inc
Tom,tom@bytepro.net,Byte Productions
Sara,sara@therindsacramento.com,Salomon Saravia Design
Richard,richard@skinnyships.com,Skinny Ships
Jairo,jpena@bloomdesign.me,Bloom Design
Robynn,robynn@ascendingdesign.com,"Ascending Design, Inc."
Darcie,darcie@freelantzdesign.com,Freelantz Design
Jeremy,jeremy@514interactive.com,"514interactive, inc"
Pam,pam@pmrandall.co.uk,Randall Design
Joshua,jyiatras@designsnsigns.net,Designs N Signs
Polly,polly@pollygraphic.com,Polly Graphic Design
Victoria,victoria@cuttlefisharts.com,cuttlefish arts
Stacie,stacie@liquidnoise.com,"LIQUIDNOISE, Inc."
Ali,ali@orangewhipdesign.com,Orange Whip Design
Tanya,tanya@timecapsulestudios.net,Time Capsule Studios LLC
Joshua,joshua@dolcevittoria.com,N/A
Margaret,margaret@designsondemand.com,Designs On Demand
Julia,julia@jellygraphics.com,Jelly Graphics
Zoe,z.feast@indigoimage.com,Indigo Image
David,dave@kendallsigns.com,Kendall Sign Co.
Laura,laura@shippdesign.com,Shipp Design
Rochelle,scott@dengrovestudios.com,Rochelle Scott Design and Photography
Denise,d.ramirez@customdesignny.com,Custom Design Studio
Eric,eric@hettenbachdesign.com,Hettenbach Graphic Design
Michael,michael@bonemaro.com,Bonemaro
Curt,curt@curtsmedia.com,"Curt's Media, Inc."
Jerry,jerry@jaghq.com,Jamison Advertising Group
Jerry,jerry@seriousimaging.com,Serious Imaging
Megan,megan@labwebdesign.com.au,LAB Web Design
Denise,denise@napasignshop.net,Napa Sign Shop
Richard,richard@advancedsigns.co,Advanced Signs and Graphics
Margee,mforgosh@mkfdesigns.com,MKF Designs
Norman,norman.anderson@melanieandersonworldwide.com,"Anderson, Inc."
Anna,lyona@guilford.edu,Guilford College
Nicholas,nickmat@jobshoprz.com,Mythic Tower Studio
Jan,owlroost@skybeam.com,SKYBEAM
Yank,yank@teazer.com,Teazer Graphics
Masha,masha@couloirart.com,Couloir Art
Michelle,michelle@m2design.cc,M2 DESIGN
Scott,scott@stirlingdesign.com,Stirling Design
Jesse,jesse@teamoutlaw.com,Outlaw Graphics
Rob,rob@lonewolfmediadesign.com,Lone Wolf Media Design
Karin,karin@mydogwoodhollow.com,Dogwood Hollow
Jerry,jerry@surefirestudios.com,SureFire Studios
William,bill@bcgraphicsfl.com,"BC Graphics, Inc."
Carolyn,carolyn.donarski@claudiakleesdesign.com,CKDesign
Margo,margo@mavendd.com,Web Design Maven
Adam,adam@hooddesigns.com,Hood Designs Inc.
Bryna,bryna@afreshapproach.co,Peg Ogle Design
Richard,rbenak@vcentertainment.com,Peg Ogle Design
