Name,Email,Company
Louis,louis@weareoptimo.com,OPTIMO
Frank,frankbryant@fuchacoaching.com,Net Design Studios
Ariana,ariana@flightdesign.co,Flight Design Co.
Alice,alice@naturesarrowdesign.com,Nature's Arrow Design
Josh,josh@brightcoal.com,Bright Coal
Mason,mason@mbarrycreative.com,Barry Creative
Mike,mike@thegaragedesignco.com,The Garage Design Co
Noah,noah@cactus.is,Cactus
Rusty,rclifton@remarkagency.com,Remark Strategy Agency
Yancey,yancey@empoweredpresentations.com,Empowered Presentations! Presentation Design Company
Greg,greglopez@andalecreative.com,Andale Creative
Cory,cory@empoweredpresentations.com,Empowered Presentations! Presentation Design Company
Ali,ali@forager.tv,Forager Collective
Damon,damon@studiowake.us,Studio Wake
Brian,brian@tifobranding.com,Tifo Branding
Zach,zach@smmtgroup.com,Summit Group
Jess,jess@studio-marylou.com,Studio Marylou
R,carter@carter3d.com,Carter3D
Dan,dan@studiovsg.com,Visual Solutions Group
Kate,kate@product360creative.com,PRODUCT 360 CREATIVE LLC
Michael,mike.mitchell@loftydesigns.com,Lofty Designs
Benjamin,art@neverbendesigns.com,NeverBen Designs & Productions
Brooke,brooke@thebevibe.com,The Be Vibe
Derrek,d@derrekstrickland.com,Derrek Strickland Design
Jasmine,jasmine@blendimages.com,Blend Images
Lucia,lucia@showponystudio.co,Showpony Studio™
Kristie,kristie@starkgroup.com,Stark Group - Creative Marketing Solutions
John,john@allspritz.com,Spritz
Hunter,hunter@schlep.it,"Schlep, Inc."
Aaron,aaron@thetypefounders.com,The Type Founders
Hekk,hekk@thy.agency,thy agency
Ali,ali@logodiffusion.com,Logo Diffusion Inc
Ivan,ivan@anchorcreativeltd.com,Anchor Creative Ltd
Simon,simon@bucktrout.com,Bucktrout Creative
Leanne,leanne@authenticvisionmedia.com,"Authentic Vision Media, LLC"
Daniel,daniel@sidescreative.com,SIDES Creative Inc.
Amanda,amanda@andreuccidesign.studio,Andreucci Design Studio
Carol,carol@whodesignsnyc.com,Who Designs NY
Maury,maury@mevostudios.com,Mevo Creative Studios
KC,kc@artsci.studio,Artsci Studio
Wes,wes@medrare.com,Medium Rare
Lamar,lamar.metcalf@bcny.org,The Boys' Club of New York
Amy,amy@revolverdesign.co,Revolver Design
Steve,steve@propaganda.design,Propaganda Design Studio
Lynne,lynne@spacetypeco.com,Space Type
Andrea,andrea@vintageunicorn.com,Vintage Unicorn
Laura,laurag@southbysea.com,South By Sea
Holley,holley@gesturesnyc.com,Gestures
Amy,amy.s.@bigmonocle.com,Big Monocle
Collin,cstone@cogneo.com,COGNEO
Arthur,arthur@team21studio.com,"Team 21 Studio, Inc."
Jay,jay@megaprint.com,"MegaPrint Inc. at PO Box 87, Plymouth, NH."
Ashley,ashley@littlelumberjack.co,Little Lumberjack Design Co.
Judy,judy@igraphyx.com,igraphyx
Tavia,tavia@walls360.com,"Walls 360, Inc."
Louis,louis@neodesigngroup.com,NEO Design Group
Kara,kara@sunbear.studio,Sunbear Studio
Molly,molly@refreshjh.com,Refresh Design Studio
Tory,tory@tbtrophies.com,T-B Trophies & Awards Co.
Becca,becca@oathagency.com,Oath Agency
John,jcfadm@jcf-hospital.com,JOHN C. FREMONT HEALTHCARE DISTRICT
Jennifer,jennifer@jfdesigns.net,JF Designs
Kelly,kwearstler@kellywearstler.com,Kelly Wearstler
Elena,elena@dtperfect.com,"DTPerfect, LLC"
Christina,cej65@cornell.edu,Cornell University
Roy,roy@toposgraphics.com,Topos Graphics
Jaiden,jaiden@wocostudios.com,WoCo Studios
James,james@jamesmojonnier.com,Illuminate Data Visualization
Carrie,carrie@murchisondrygoods.com,Murchison Dry Goods
Dan,dan@halfnine.com,Halfnine
Amy,amy@bricksf.com,Brick Design
Natalia,notalora@papelnco.com,3+ Design Studio
Beth,beth@reesecreativeco.com,Reese Creative & Co.
Matthew,matthewhunt@afteractive.com,Afteractive
Ksenia,ksenia@oysterfruitstudio.com,Oyster Fruit Studio
Tori,tori@ethosdesignstudio.com,Ethos Design LLC
Annisa,annisa@anijanellecreativestudio.com,"Ani Janelle Creative Studio, LLC"
Judith,j.blakey@pagedesigncenter.com,Page Design
Matthew,m.hatfield@wearecodesign.com,"Codesign, LLC"
Ryotatsu,rio@studionewwork.com,STUDIO NEWWORK
Krista,krista@bar-collective.com,BAR Collective
Don,don.chong@pureind.com,Pure Industries
Mark,mark@oneflightupdesign.com,"One Flight Up Design & Innovation, Inc. (OFU)"
Jacqueline,jacqueline@tell-itmedia.com.au,Tell IT Media
Henry,henry.perkins@wildmonkeydesign.com,W!ld Monkey
Jim,jim.kelley@youthexpress.org,Youth Express
Eldon,eldon@studiosaka.co,Studio SAKA
Alexandra,alexandra@otenaconcepts.com,Otena Concepts Corporation
Aleksey,game@social-infinite.com,SOCIAL INFINITE
David,david@nebulous.agency,Nebulous
Manny,manny@obedientmachine.com,OBEDIENT MACHINE
Alison,alison@novuscreative.com,Novus Creative
Obi,obi@getunomi.com,UNOMi
Jay,jay@bldgrefuge.com,BLDG Brands
Dava,dava.guthmiller@noise13.com,Noise 13
Nicole,nicole@nvolvecollective.com,n/volve collective
Dan,dan.gianfrancesco@strixmedia.com,StrixMedia
Jonas,jonas@lyradesigns.com,Lyra Designs
Troy,troy@tlccreative.com,"TLC Creative Services, Inc."
Taylor,taylor@studioloutsis.com,Studio Loutsis
Nelia,nelia@nv-design.com,nv-design
Cori,kesler@keslercommunications.com,"Kesler Creative Communications, Inc."
Dinesh,dinesh@studiowip.co,Work is Play Studio
Jeffrey,jlachina@lachina.com,Lachina Creative
Ryan,ryan@timber.net,Timber
Jimmy,jmesser@pcsk12.org,Presbyterian Christian School
Kara,kara@pearlfisher.com,Pearlfisher
Carly,carly@fyclabs.com,FYC Labs
Ellen,ellen@madewholenutrition.com,Made Whole Nutrition
David,david@austinvisuals.com,"Austin Visuals (Marketing / 3D, 2D, VR)"
Mathew,mathew.wilson@logoventure.com,LogoVenture
Courtney,cwilliams@mcvsd.org,Monmouth County Vocational School District
Joshua,joshua@sparklemasters.com,SparkleMasters
Ansel,ansel@waltzcreative.com,Waltz Creative
Andrew,andrew@bricksolidbrands.com,Brick Solid Brands
Jen,jen.couchoud@thinkbrownstone.com,Think Company
Chad,chad@mosaicvisuals.com,"Mosaic Visuals Design, Inc."
Charles,charles.c.nuccio@rrd.com,RR Donnelley
Jerry,jerryv@puresportsdesigns.com,Pro Sign Design
Tomer,tomer@tntdesigngroup.com,TNT Design Group
Blake,blake@studiomainllc.com,Studio Main
Matt,matt@fcicreative.com,FCI Creative
Jeff,jeff@lpslabels.net,LPS Labels
Jay,jtodisco@waremalcomb.com,Ware Malcomb
Petr,petr@difdesign.com,DIF Design
David,david@teamxgs.com,Xpressive graphiX & Signs
Amber,amber@kinglovedesign.com,King Love Design
David,david@andpartnersgroup.com,And Partners
Mario,mgarcia@garciainteractive.com,Garcia Interactive
Jay,jay.holley@multi.studio,Multistudio
Laura,laura.wall@turnerduckworth.com,Turner Duckworth
Art,amacauley@image360marlton.com,Image360 - Marlton
Amy,amy@baach.com,Baach Creative Services
Dave,dave@dentonhouse.com,Denton House Design Studio
Wyeth,wyeth.whiting@turnerduckworth.com,Turner Duckworth
Gwen,gwen.gigous@multi.studio,Multistudio
Robin,rroberts@redreddesign.com,"Red Red Design, Inc."
John,john@thoroughgraphics.com,Thorough-Graphics
Harry,harryk@propointgraphics.com,Modicum
Keith,keith.kelly@kmpgraphics.com,Kmp Graphics Inc.
Mark,mark@ishiidesign.com,Ishii Design
Anisa,anisa@escobedodesign.com,Escobedo Design
Grant,gfreeman@epsolution.com,Electronic Printing Solutions
Kim,kcardosi@ck-dg.com,Cardosi Kiper Design Group Inc
Matt,matt@msgraphics.com,"Maclay & Shoemaker Graphics, Ltd."
David,drw@iducreative.com,IDU Creative
Seth,seth@catondesigngroup.com,Caton Design Group
Shelley,shelley@corbindesign.com,Corbin Design
Bob,bobm@mwstudios.com,MW Studios Inc.
Scott,scott@brinitzer.com,SBDA - Scott Brinitzer Design Associates
Brett,brettschipp@udassoc.com,"Universal Design Associates, Inc."
Brad,bradw@woodworthassociates.com,Woodworth Associates
Phil,phil@fwhaxel.com,F.W. Haxel LLC
Pat,pmizak@ringling.edu,Ringling College of Art and Design
Cliff,cliff@emd-it.com,Essential Marketing and Design
Greg,greg@pointmultimedia.com,Point Multimedia
Samuel,scohen@onedesignhome.com,OneDesign Home
Karen,karen@lautdesign.com,Laut Design
Bethlyn,beth@ie-design.com,"i.e. design, inc."
Jason,jason@aviongraphics.com,Avion Graphics Inc
Rhonda,rmefford@ivytech.edu,Ivy Tech Community College
Gary,russellg@phototype.com,Phototype
Katie,kblesener@bigmuddyworkshop.com,Big Muddy Workshop
Gretchen,gparker@surge-creates.com,Surge Creates
Danny,dhickey@ads-signs.com,"ADS Custom Signs, Inc."
Tracy,tracy@themapfactory.com,The MAP Factory
Susan,sue@rjmarx.com,RJ Marx
Shawn,howdy@graticle.com,"Graticle, Inc."
Brad,brads@thesocialgraces.com,Social Graces
Doug,dorgeron@3dcustomsigns.com,3D International Custom Sign & Design
Jose,barletta@barnews.com,Barnews Research Group
Chris,chris@garborgdesign.com,Garborg Design Works
Maher,maher@truantpixel.com,"Truant Pixel, LLC"
Lee,ldavidson@reavesfirm.com,"THE REAVES FIRM, INC."
Dan,dpribble@mh.ca,M&H
Susan,susan@insigninc.com,allspace solutions inc
Shirley,shirley@teamsignco.com,SIGNCO
Andrew,andrew@tandemstudio.com.au,Tandem Studio
Nick,nick@advancedsign.com,Advanced Sign
Keith,keith@creativeplastic.com,Plastic Graphics / Creative Plastic
Ben,ben@ggmarkers.com,GG Markers
John,jwalther@imagestodata.com,Images To Data Inc
Mark,mark@siskiyoudistributing.com,North Siskiyou Dairy Products
Rafael,rafael@xgraphicsllc.com,Express Graphics & Printing
David,davids@intuitivesolutiongroup.com,Intuitive Solution Group
Dave,dave@atlasscreensupply.com,Atlas Screen Supply Company
Craig,craig@visagescreenprint.com,Visage Screen Print Inc
Alain,alain@primefunding.com,Prime Funding Group
Kenneth,kenny@drpind.com,DRP Industries
Josh,jhartley@wearexyz.com,XYZ Graphics
Rick,rdillon@gpdesigns.biz,GP Designs
Hawks,jennifer_hawks@dreamworksstudios.com,Dreamworks
Jordan,jkepsel@focusegd.com,focusEGD
David,david@teedshirts.com,Teed Shirts Inc
Adam,abowers@precision-made.com,PrecisionMade
Joe,joe@joebrooksphotography.com,Joe Brooks Photography
Demetrios,demetrios.k@team8.vc,Team8
John,john@tplusv.tv,Turner+Valladares
Suzanne,suzanne@enrichcreative.com,Enrich Creative
Nikolai,nikolai@vontainment.com,Vontainment
Sofya,sofya@thenarrative.design,the narrative: communication design
Kevin,kevin@wayfire.com,Crucial Creative
DJ,dj@monogram.io,Monogram
Fritz,fritz@omfgco.com,OMFGCO
Matt,matt@funeral.studio,Funeral
Vesy,vesy@foundbrand.agency,Found Brand Agency
Travis,swearengen@monsoon.design,Monsoon
Marni,mzampa@paperskydesign.com,PaperSky Design
Zeke,zeke@zekeshore.com,Type/Code
Jim,tactics@zimmer-design.com,Zimmer-Design Inc.
Jason,jason@carlenparfums.com,Athletics
Ron,rmoehler@pipitonegroup.com,Vance Wright Adams
Tyler,tyler@dulcedesign.com,Dulce Design Co.
David,dwalker@wrkpartners.com,WRK Partners
Will,will@sidekickcreative.us,Sidekick Creative
Reiko,reiko@heypartner.co,Partner
Steve,steve@fcs.studio,FCS.Studio
Jeff,jeff@ihotwire.com,Hotwire Development
Nicholas,nick@champcohen.com,ChampCohen Design Associates
Jeff,jeff@16bitpileup.com,16 Bit Pileup
Marcy,marcy@wfgd.net,WFGD Studio
Kile,kile.brekke@allisinc.com,Allis Studio
Vicki,vicki@foundry.la,Foundry LA
James,mcboo@eyerus.com,Eyerus
Kathleen,kathleen.dauber@hba.com,HBA/Hirsch Bedner Associates
Anneliese,anneliese@design-ability.com,Design Ability
Laura,laura@bergmancramer.com,BergmanCramer LLC
Starlyss,starmc@toristarmedia.com,ToriStar Media
Laural,laural@kuraldesign.com,Kural Design
Theodore,theodore@kiltcreative.com,Kilt Creative
Owen,owen@patera.net,Patera
Maerav,maerav@tnidesign.com,TNI Design
Steve,steve@graphicainc.com,Graphica
Ron,rsterling@darwinsoftware.io,Darwin AI
Robbi,robbi@muir-design.com,Muir Design
Amy,alauter@cgdetroit.com,CG Detroit
Joshua,jthompson@waremalcomb.com,Ware Malcomb
Antwane,antwane@lifenlight.co,Life N Light
Shannon,ssuess@waremalcomb.com,Ware Malcomb
Noel,noel@slugglobal.com,Slug Global
Marc,marc@marclevitt.design,Marc Levitt Design
Sophie,sophie@sophiewedd.com,Sophie Wedd Design
Karin,karin@khaggarddesign.com,K.HAGGÅRD DESIGN
Liz,liz@datalands.co,Datalands
Jenna,jenna.snyder@traceelement.com,Trace Element
Sherry,smckinzey@showdogbrandhandlers.com,Showdog Brand Handlers
Katie,katieh@groupswitch.com,Switch
Sarah,sarah@nanz.com,The Nanz Company
Tim,tim@timpalin.com,Tim Palin Creative
Jessica,jfassett@findsecondsight.com,Second Sight Design
Mike,m.farman@theartroad.com,Art Road
Anthony,anthony@marathononline.com,"Marathon Printing, Inc."
Andy,andy@turnerduckworth.com,Turner Duckworth
Aidan,aidan@outrecreative.com,outré creative
Raul,raul@electronicintermedia.com,Electronic Intermedia
Elizabeth,ekelleher@cgiinteractive.com,CGI Interactive
Jonathan,jon@delongford.net,Delong Design
Erika,ebove@designdesignonline.com,"DesignDesign, Inc."
Ray,ray@greatimpress.com,Great Impressions LLC
Stephanie,stephanie@newdealdesign.com,NewDealDesign
Jonathan,jonathan@eggdesign.com,Egg Design Partners
Wendy,wendy.beaudin@wendyweinbergbeaudin.com,WENDESIGNnyc
Susannah,susannah@firebellydesign.com,Firebelly Design
Jon,jon@jonberrydesign.com,jonberrydesign
Michael,michael@radiatepresents.com,Radiate Presentation Design
David,david@lucicreative.com,Luci Creative
David,david.wade@fastsigns.com,FASTSIGNS®
Chris,chrisletourneau@studiokoto.co,Koto
Echo,echo@marketfourcreative.com,Market Four Creative
Scott,scott@pembrook.tv,PEMBROOK CREATIVE
Stephanie,sross@trilogyinteractive.com,Trilogy Interactive
Jennifer,jfredritz@tenfoldbrand.com,TENFOLD®
Theodore,theodoregroves@myriadweb.com,Elkay Interior Systems
Lindsay,lmoore@chasedesign.net,ChaseDesign
Cody,cody@studiopercolate.com,Studio Percolate
Emily,emily@allis.studio,Allis Studio
Jennifer,jennifer@allspicestudios.com,"Allspice Studios, LLC"
Mike,mike@newplanetcreative.com,New Planet Creative
John,john@pictureplaneimaging.com,PicturePlane
Nina,nina@studiokoto.co,Koto
Jay,jay@makercreative.com,Maker Creative
Omar,omar@firsthanddesigns.com,Firsthand Designs
Jeff,jsipes@finelinegraphics.co,Fineline Graphics
Gabriel,gabriel.zangari@designgroupitalia.it,Design Group Italia
Holly,holly.k@wearebulletproof.com,Bulletproof
Tracey,t.woodward@dlenglishdesign.com,D L English Design Studio
Megan,megan@independentcreative.co.uk,Independent Creative
Brian,bkoshley@waremalcomb.com,Turner Duckworth
Jen,jen@dogandponycreative.com,DOG & PONY
Margie,margie@carter3d.com,Carter3D
Carly,carly@rowecu.com,ROWE Creative Union
Claudia,claudia.tompert@loveorange.design,Love Orange
Cory,cadams@waremalcomb.com,Ware Malcomb
Andrew,andrewd@wrightsure.com,Wrightsure Group
John,john@txtorch.com,Torch Creative
Brandy,brandy@lucicreative.com,Luci Creative
Chelsea,cferris@ringling.edu,Ringling College of Art and Design
Kelsey,kelseyb@graphiti.com,Graphiti Associates
Falajiki,falajiki@bluemagik.co.uk,BLUE MAGIK LIMITED
Maria,maria.gallagher@winkingfish.com,Winking Fish
Renae,renae@gathdesign.com,"Gath Design, LLC"
Maddie,maddie@hybridstudios.net,Hybrid Design Studios
Lesley,lesley@alizarinchestnut.com,Alizarin Chestnut
Kara,kwalker@jga.com,JGA
Melissa,melissa@allthegood.design,All the Good Design LLC
Chris,cwhitmore@gropen.com,"Gropen, Inc."
Mehdi,mehdi@2mcreative.com,2M Creative Inc.
Jeff,jeff@tornadocreative.com,Tornado Creative
Kerry,kerry@solbergcreative.com,"Solberg Creative, LLC"
Andrea,andreamclearen@madlycreativegroup.com,Madly Creative Group
Jennifer,jennifer@brinkdesignstudio.com,Brink Design Studio
Joanne,js@evnusa.com,eVN Inc.
Ronda,ronda@tendegrees.com,Ten Degrees South
Brandon,brandon.perez@onqsolutions.com,OnQ
Stephen,stephens@herringdesign.com,Soulsight
Eric,eric.powell@hcl.com,Emotiv Media Group
Dane,dgriffith@waremalcomb.com,Ware Malcomb
Ariana,ariana@arianadesign.com,Ariana Design
Kate,kpc@canfielddesign.com,Canfield Design
Grant,grant@finchok.com,Ace Creative
Rachel,rachel@outrecreative.com,outré creative
Linette,linette@wonderlincreative.com,Wonderlin Brand Management + Creative
Garrick,garrick@consortiumcarissimi.org,Consortium Carissimi
Katy,katy@mammothlakescreative.com,Mammoth Lakes Creative
David,dicenhour@alexandercountync.gov,"Alexander County, NC"
Jamie,jamie@ptarmak.com,ptarmak
Matt,matt@sandboxstudio.net,"Sandbox Studio, Chicago"
John,jober@oberlandergroup.com,Oberlander Group
Bethany,bwhitlock@fathomcreative.com,Fathom Creative
Ashley,ashley@jnldesign.com,JNL Graphic Design
Doug,doug.carroll@directdesigninc.com,"Direct Design, Inc."
Kim,kciesick@bloomcreativegroup.com,Bloom Creative Group
Adam,adove@thoughtform.com,Thoughtform
Trevor,tpaccione@fgidesign.com,FGI Design
Jason,jason@cactus.is,Cactus
Antonio,antonio@andpartnersny.com,And Partners
Luli,luli@cisnerosdesign.com,Cisneros Design
Lauren,lkslack@mycollectiveagency.com,The Collective Design Agency
Mario,mario@zeax.co,Zeax Creative Agency
Logan,ljulien@ringling.edu,Ringling College of Art and Design
Shauna,shauna@backstagedesigns.com,Backstage Design Studio
Amanda,amanda@tpddesignhouse.com,Bombero Designs
Brian,brian@stancandesign.com,Stan Can Design
R,lhall@ourofficeworks.com,OFFICE WORKS
Scott,scottf@propointgraphics.com,Modicum
Cheryl,cheryl@iconfactory.com,The Iconfactory
Roland,roland@urbanearthstudios.com,Urban Earth Design
Meegan,mbeddoe@arete-collective.com,Denton House Design Studio
Peter,peterm@sheadesign.com,HALO 22
Sean,sean@visual-digital.co.uk,Visual Digital
Theresa,theresa@3leafdesign.com,3 Leaf Design
Tim,timw@mwstudios.com,MW Studios Inc.
Lisa,lisa@graphic-impact.net,Graphic Impact Communications Inc.
Julie,jsmith@onsparks.com,Sparks Web Media Marketing
Lisa,lisas@columbusndc.org,Neighborhood Design Center (Columbus)
Aubrey,smith@designbandb.com,Design B&B
Kristin,kristin@ignitioncreative.group,Ignition Creative Group
Andrew,andy@wilsondesign.uk.com,Wilson Design Associates
Alex,alex@maniacmonkeymedia.com,Maniac Monkey Media LLC
Matthew,matthew@threadcollaborative.com,Thread Collaborative
Lauren,lauren@geckogroup.com,Gecko Group
Michael,michael.ohare@ratiodesign.us,Ratio Design - US
Tom,tpappalardo@standard-design.com,Standard Design
Angela,angela@amarcusgroup.com,A Marcus Group Llc
Mary,marym@adxcreative.com,ADX Creative
Lonnie,lonnie.bradley@mckinleybrown.com,McKinleyBrown
Kelly,kthompson@chipthompson.com,Chip Thompson Design
Mike,mike@calldesign.net,Call Design — Graphic Design/Marketing
Pat,pat@oursaviors.org,Our Savior's Church
Phyllis,phyllis@chancarrdesign.com,Chan Carr Design
Shaun,shaun@toolbargraphics.com,Toolbar Graphics
Wesley,wesley@folderstudio.com,Folder Studio
Lorena,lorena@ethosstudios.com,Ethos Creative Studios
Sam,sam@baunfire.com,Baunfire
Brad,bcarver@accentdistributing.com,Accent Distributing
Karen,karen@empirewraps.com,"Empire Graphics, LLC"
Tara,tara@thunderbaby.com,Thunderbaby Studios
Paula,pkorinko@synlawn.com,ProGrass LLC
Christine,christineso@dhfo.org,Diocesan Health Facilities
Rob,rob@mikuteit.com,Rob Mikuteit Design
Margaret,margaret@chasedesigngroup.com,Chase Design Group
Colin,colin@abracadabra.pro,Abracadabra Presentation Grphc
Ryan,r.gosche@enhancepd.com,Enhance Innovations
Adam,adam@ucreate.us,Ucreate Graphic Design
Heidi,heidi@californiaext.com,California Exteriors
Joshua,josh@graphiti.com,Graphiti Associates
Satoru,sato@mpcreative.net,MP Creative
Kris,kris@cinerny.com,CINER
Courtney,courtney@clickandcompany.com,Click & Company
Nancy,norrisn@ccisd.com,Copperas Cove Independent School District
Jason,jason@lorenpolster.com,Loren Polster Design Solutions
Maritza,marauz@focus411.org,"FOCUS Hispanic Center for Community Development, Inc."
Lanae,lanae@studioemphotography.com,Studio Em Photography
Tricia,tricia.smith@artsmith.org,Artsmith
John,john@greatbeliever.us,Great Believer
Megan,mquick@elmark.com,Elmark Sign Company
Ella,ebatten@craftandroot.com,Craft & Root
Kevin,kevin@creativecolor.net,Creative Color Lithographers
David,david@infogenix.com,Infogenix
Rose,rose@yorkie.sk,Yorkie
Michele,michele@aod.lk,AOD
Julie,julie.borowski@mclaren.org,McLaren Health Care
Tisha,tisha_walker@subr.edu,Southern University and A&M College- Baton Rouge
Cardon,cardon.webb@enlisteddesign.com,Enlisted Design
Ethan,ethan@heartlandchurch.cc,HeartLand Church
Catherine,catherine@flintdesignco.com,Flint Design Co.
Nik,nik@imaginativesolutions.us,Imaginative Solutions
Christy,christy@nakedpixelstudios.com,NPS Design Studio
Natasha,natasha@tashography.com,Tashography
Curt,curt@northpowder.com,North Powder
Vince,vince@kineticdesignco.com,KINETIC Design Solutions
Carolyn,carolyn@cehdesign.com,"CEH Design, Inc"
Mike,mike@mwhdesign.com,MWH Design
Janelle,janelle@littlelucycreative.com,"Little Lucy Creative, LLC."
Vassi,vassi@blackboxvisual.com,Blackbox Visual
Kimberly,kimrenaud@revolvecp.com,Revolve Creative Partners
Nikki,nikki@niknan.com,NikNan Design
Sarah,ssights@odgltd.com,"Owens Design Group, Ltd."
Kimberly,kim@lynxandcompany.com,Lynx & Co
John,clarke@udayton.edu,dialogue3
Ryan,ryan@wakecreative.com,Wake Creative
Carolyn,carolyn@belladia.com,Bella Dia Designs LLC
Gretchen,gretchen@queencitycreative.com,Queen City Creative
Aaron,aaron@farmdesign.net,Farm Design
Stephen,stephen@stephengold.us,Stephen Gold Design
Ken,k.voytell@siteinnovator.com,SiteInnovator
Kirk,merlin@amuletsbymerlin.com,Amulets By Merlin
Dia,dia@chapternext.com,ChapterNEXT Ventures LLC
Danny,danny@durocompagnie.com,"Duro Compagnie, LLC"
Giovanni,gio@signsprousa.com,SIGNS PRO LLC
Clark,cfairfield@forsmarshgroup.com,"Fors Marsh Group, LLC"
Gracie,gracie@littlefoxpaperie.com,Abundant Wedding Invitations
Bertholt,ber@bertholt.design,Bertholt LLC
Teri,teri@freshdesigninc.com,"Fresh Design, Inc."
Joanna,joanna@fox-graphics.com,Fox Graphics
Pablo,pablo@agilepixelstudio.com,Agile Pixel Studio
Roderick,rwyllie@sdisf.com,"Surfacedesign, Inc."
Bryan,bryan@malley.design,"Malley Design, LLC"
Shawn,shawn@thekellyfamily.us,Kelly Graphics
Lee,lee@nexgraphics.com,Nex Graphics
Jon,jon@makercreative.com,Maker Creative
David,dave@spurdesign.com,Spur Design LLC
Dan,danbanks@projectdc.com,Project Design Co.
Annie,annie@envelopelimited.com,"The Envelope, Ltd."
Serra,serra@saltandtrue.com,Salt & True
Samuel,sam@samrossdesigns.com,Sam Ross Designs
Bryan,bryan.edwards@thronecreative.com,Throne Creative
Ken,ken@kenmagas.com,Ken Magas Design Inc
Todd,todd@toddyarrington.com,Yarrington Studio
Wayne,waynew@studio2108.com,Studio 2108
Brett,brett@brettdesigninc.com,Brett Design
Mike,mike@retroforward.com,RETROFORWARD
Diana,diana@5by5design.com,5 by 5 Design
Zach,zach@zsmyth.com,ZSmyth LLC
Michael,mikey@unitymike.com,unitymike wedding photography
Larissa,lbarbee@vitalchek.com,LexisNexis VitalChek Network Inc.
Rex,rex@spdaustin.com,Studio | Peteet Design Austin
Christy,christy@cfcreativedesigns.com,CF Creative Designs
Linda,linda.vaello@utsa.edu,The University of Texas at San Antonio
Jon,jon@jonflaming.com,Jon Flaming Design
Scott,scott@wholebrained.com,Whole-Brained Creative
Jake,jake@mumbly.co,Mumbly Creative Co.
Clint,clint@bitfireinc.com,"Bitfire, Inc."
Rick,rick@signdepotdurant.com,"The Sign Depot, LLC"
Alexandra,alex@mooneycreative.net,Mooney Creative
Jamie,jamie@turnerphotographystudio.com,Turner Photography
Djenee,djenee@brandkyn.com,Brandkyn
Ric,ric@rock3rs.com,ROCK3RS
Allen,allen@fellocreative.com,Fello Creative
Brian,get@moragnedesigns.com,Moragne Designs
Renee,renee@reneelynncreative.com,Renee Lynn Creative LLC
Mai-Lis,mai-lis@brandparentsinc.com,Brandparents Inc
Rod,rod@graham-studios.com,Graham Studios
Elizabeth,elizabeth@silverminecreative.studio,Silvermine Creative
Devish,devish@sbtirvine.com,Signs By Tomorrow - Irvine
Michael,msmith@ctsgraphics.com,CTS Graphic Designs
Jeffrey,jhyatt@trio-creative.com,Happy Go Lucky
Michelle,michelle@morningdesignstudio.com,Morning Design Studio
Zac,zpoulter@xaxdesign.com,XAX deSIGN
Anne,anne@epsteindesign.com,Epstein Design Partners
Chrissy,chrissy@thecreativemill.co,The Creative Mill
Caleb,caleb@goodbonesstudio.com,Good Bones Studio
Julia,julia@mediadesign-wales.co.uk,Mediadesign
Ronn,ronn@ronncampisi.com,Ronn Campisi Design
Wendy,wendy@soggydogdesigns.com,soggy dog designs
Cindy,cindy@brightsideomaha.com,BrightSide Creative
Brentae,brentae@chargedupcreative.com,Charged Up Creative
David,dave@killercreative.net,Killer Creative Group
Brian,brian@monahandesign.com,Monahan Design
Louise,lrcote@katmandu.com,Katmandu Studio
Julie,julie@adsharp.com,AdSharp
Michael,mflockhart@flockhartdesign.com,"Flockhart Design, Inc."
Courtney,courtney.vanlaar@eagles.cui.edu,Courtney Mansell Graphic Design
Anthony,abianco@anthonyvineyards.com,Anthony Vineyards Inc
Mance,mancecreative@mancecreative.com,MANCE CREATIVE
Sharon,sharon@designwithmerritt.com,Design With Merritt
Ray,ray@thedesignfuzion.com,Fuzion
Carolyn,carolyn@ricedeangraphics.com,Rice Dean Graphics
Eric,eric@coloradocoffeemerchants.com,Colorado Coffee Merchants
Debbi,debbi@virtualgoldmine.com,Virtual Goldmine Web Design
Aubrey,aubrey@rangercollective.com,Ranger Collective
Dan,dan@schlegelcreative.com,Schlegel Creative Resources LLC
Jeff,jeff@digitalinteractive.co,Digital Interactive
Roman,rperez@4pcb.com,Advanced Circuits
Paul,paul@pixelproductionsinc.com,Pixel Productions Inc.
Kate,kate@authenti-kate.com,AuthentiKate
Ken,ken@northpacificdoorcorp.com,Ken Stanek Photography
Janet,janet@atwoodstudio.co,Atwood Design
Kathleen,kathleen@bemorr.com,beMORR Multimedia Design LLC
David,david@yhdmarketing.com,Yellow House Design and Marketing
Clay,c.doyle@doylelogan.com,The Doyle/Logan Company
Richie,richie@orlandophotoworks.com,Orlando Photoworks
Ben,ben@billingssignservice.com,Billings Sign Service Inc
Kyndall,kyndall@creatoscopic.com,Kaleidoscopic Creative
Bryan,bryan@phoenixmoirai.com,Phoenix Moirai
Fabian,fabian@glodea.com,GloDea ®
Ian,ian@itdesigns.graphics,IT Designs LLC
Steven,steve@studiose7en.com,Studio SE7EN
John,jeff@rassmandesign.com,Rassman Design
John,john@beperceived.com,Perception LLC
Lauren,lauren@sharpfinn.com,SharpFinn Creative
Allison,allison@designingelements.com,Designing Elements
Darya,darya@creitaliagroup.com,Kaleidoscopic
Kimberly,kbeauchamp@grapevineml.com,Rosebud Designs
Kyoko,kyoko@tabara.com,Tabara Design
Patrick,patrick@mudpawdesign.com,Mud Paw Design House
Margie,margie@keenermarketing.com,"Keener Marketing, Inc."
Paul,paul@thedesignsmith.com,The Designsmith
Brooke,brooke@brookecarlock.com,Brooke Carlock Design
Barbara,bee@beelinedesign.com,Beeline Design
Ken,kenm@graphicx.com,Graphic Explosions
Trish,noe@noedesigninc.com,Noe Design
Mike,mike@sherard-design.com,Sherard Design
Anne,anne@sabachdesign.com,Sabach Design
Lynn,lynn@lynnreedassociates.com,Lynn Reed Design
Kathryn,kathy@cavallerodesign.com,Cavallero Design
Jenny,jenny@neighborlyshop.com,Ork Posters
Jim,jim@jadesigngroup.com,Jim Anderson Design
Tim,tim@somdwraps.com,Southern Maryland Wraps
Karen,karen@blankenshipdesign.com,Blankenship Design
Justin,justin@just-ingenious.com,Justingenious ™
Emily,emily@waxcreative.com,"Waxcreative Design, Inc."
Kevin,kevin@zeppgraphical.com,Polly Graphic Design
Jennifer,jennifer@jjkodesign.com,JJKO Design
Amber,aleaders@amberleaders.com,Amber Leaders Designs
Alan,alan.burczyk@burczykcreative.com,Burczyk Creative Group
Carrie,carrie@ampersanddesignstudio.com,Ampersand Design Studio
Paulette,paulette.brooks@identityconceptsdesign.com,Identity Concepts Design
Justin,justin@oldhatcreative.com,Old Hat
Julius,julius@trivessa.com,trivessa
Alan,alang@koality.com,Koality Web Solutions LLC
Janet,janet@riscicadesign.com,Riscica Design
Cristy,cristy@luckyonion.com,Lucky Onion LLC
Jon,jf@cryptogramink.com,Cryptogram
G,gbach@gaslightvinyl.com,Gaslight Vinyl
Kim,kim@bumpy.com,Bumpy Design
Michael,mkimble@wcmssolutions.com,WCMS Solutions
Nicole,nicole@shorelinedentalcare.com,Shoreline Dental Care
Chere,chere@cmmcreativestrategies.com,CMM Creative Strategies
Ben,ben@vectorcrush.com,Vector Crush
Christie,crayburn@samenraken.nl,Mirror Mirror
Cameron,cknight@certumsolutions.com,Certum Solutions
Kirsten,kirsten@ksugermandesign.com,Kirsten Sugerman Design
Ron,ron@sweetreps.com,Sweet Represents
Brad,brad@bscaddendesign.com,B.SCADDEN DESIGN
Marlen,andrea@designaction.org,Design Action Collective
Mark,maigner@aignerlabelholder.com,"Aigner Index, Inc."
Charles,charles@c2photography.com,C2 Photography
Larry,la@project-sign.com,Project Sign
Mike,mike@toucandesign.net,Toucan Design Inc
Tonya,tonya@envision-eav.com,Envision Advertising Design & Video Production
Erin,eringoodwin@graphicexpressionsinc.com,"Graphic Expressions, Inc."
Vicki,vicki@artworksdesignstudio.com,Artworks Design Studio
Rebecca,rebecca@starrgraphics.net,Starr Graphics
Daniel,ds@danielsaunders.xyz,DS Design
Emily,emily@hedgehoggraphics.com,Hedgehog Graphics
Emily,emily@socialgracesllc.com,Social Graces LLC
Linda,linda@richdesigns.biz,Rich Designs
Diana,diana@comberiati.com,idesignology
Michelle,michelle.interiano@ideasblossom.com,"Ideas Blossom and Associates, LLC"
Dillon,dillon@dillonstienike.com,Peg Ogle Design
Matt,matt@studionorthwood.com,Peg Ogle Design
