Name,Email,Company
Arturo,arturo.brena@keexframe.com,KéexFrame
Kien,kien@yippa.com,Yippa
Scott,scott@thestudiotemporary.com,The Studio Temporary
Will,will@thecollectivespark.com,The Collective Spark Creative
Ciara,ciara@thelightbulbcreative.com,The LightBulb Creative
Nicolle,nicolle.fuller@sayostudio.com,SayoStudio · Science Visual Communication
Pam,pam@iawaketechnologies.com,In-Vision Design
Shakir,shak@hellorobo.co,Hello Robo
Laurence,larry@pixallus.com,Pixallus
Michael,mikez@uncaged.agency,UN©AGED™
Kristin,kristin@studiokorlando.com,Studio K
Celeste,celeste@celebelle.com,Celebelle
Lindsay,lindsay@superbirdstudio.com,SuperBird Studio
Dave,dave@igniteadvertising.com,IGNITE Beverage Branding
Gavin,gavin@datalands.co,Datalands
Eric,eric@studioparalo.com,Paralo®
Keith,keith@uppermostdesign.co,Uppermost Design Co.
Vidhi,vidhi@vidhidattani.com,Vidhi Dattani Designs
Kat,kat@thackwaymccord.com,Thackway McCord
Chris,chris@thesoutherninfluence.com,The Southern Influence
Ben,btran@tran-creative.com,Tran Creative
Gabriela,gabriela@texto.com,Texto Graphic Design
Jaime,jaime@thepointcollective.com,The Point Collective
Janie,janie@thecardbureau.com,The Card Bureau
John,john.huff@3d-identity.com,3d-identity
Steve,steve@sharpgraphixllc.com,"Sharp Graphix, LLC"
Anna,anna@annakarlin.com,Anna Karlin Studio
Jack,jackhe@asolace.com,Asolace
Natalia,natalia@orange-squeeze.com,Orange Squeeze
Ilene,ilene@popupink.com,Popup Ink llc
Nicole,nicole@pickleandpearkc.com,Pickle & Pear
Dan,dan@motifize.com,Motifize
Adam,adam@whatelse.studio,What Else
Melissa,melissa@rednecksuperherodesign.com,Superhero Design
Pedro,pedro@bornprojects.com,BORN
Nuria,nuria@brandanyagency.com,Brandany
Dan,dan@iceboxind.com,IceBox Industries
Jessica,jess@tortugacreative.com,Tortuga Digital Marketing & Design
Christin,loocie@talookastudio.com,Talooka Studio
Kristin,kristin@interval.online,Interval
Lawrence,lawrence@uplandcreative.co,Upland Creative
Albert,albert@billfoldpos.com,Billfold
Alex,alexcarvalho@triunit.com.br,Triunit Agência Digital
Haley,haley@silvermoonbranding.com,Silver Moon Branding and Design
Bill,bill.jones@515group.com,515 Group
John,jferrante@e-o.space,EO Space
Vince,vince@optimcreative.com,Optim Creative
Megan,megan@designelixir.studio,Design Elixir Studio
Gael,gael@astrostudios.xyz,Astro Studios | Part of PA Consulting
Keenan,keenan@camkirkstudios.com,Cam Kirk Studios
Priyanka,priyanka.suman@blocksciclub.io,Blockchain Science Club
Ariana,ariana@inkandcraft.com,Ink & Craft
Sean,sean@thecsvisuals.com,CS Visuals Photography
Chris,chris@abeldesign.co,Abel Design Co
Silo,silo@nightfolkcreative.com,Nightfolk Creative
Dennis,dennis_ho@digijungle.com,"Digital Jungle Post Production, Inc."
Tania,tania@brilliantsobrilliant.com,Brilliant so Brilliant
Kate,kate@instagram.com,Online Business
Adeleins,adeleins@creadlify.com,Creadlify
Kevin,kevin@theliondesign.com,Lion Design
Chris,chris@shapesociety.com,Shape Society
Dominique,dom@grindbranding.com,Grind Branding
Cyndi,cyndi@innercompassbranding.com,Inner Compass Branding
David,david@maloneydesignstudio.com,Maloney Design Studio
Ange,ange@paubox.com,Paubox
Dalton,dalton@madebyraygun.com,Raygun
Peter,peter.varga@weblockdesign.com,WeBlock Design
Kim,kim@theofficeofhotcoffee.com,Hot Coffee
Josep,josep@janeandrosello.com,Jane & Rosello | Design Studio
Trevor,trevor@space2burn.com,Space2Burn New Media
Makoto,makoto@scoutregalia.com,Scout Regalia
Eric,e.vincent@blackinkcreativepartners.com,Black Ink Creative Partners LLC
Elizabeth,liz@graphic-poetry.com,Graphic-Poetry
Jennifer,jennifer@creativedevs.com,Creative Devs
Gary,gary@eastriver.studio,East River Studio
Ming,ming@hilightstudio.com,Hilight Creative Studio
Anastasiia,anastasiia@glekel.com,Glekel
Katerina,katerina@truly.gr,Truly Creatives
Lillian,lillian@lillianhogue.com,Lillian Hogue Design
April,april@stunningstyle.com,Stunning Style
Maykel,mcabrera@cre8tivegears.com,Creative Gears
Hannah,hannah@dearbrunchdesign.com,"Dear Brunch Design, LLC"
Mark,mark@supremesolutions.com,"Supreme Solutions, Inc."
Gilbert,gilbert@fuzzyredpanda.com,Fuzzy Red Panda
Daniel,dzamora@blendincreative.com,Blendin Creative
Crystal,crystal@sheisgrace.org,Grace Women's Organization Inc
Kuba,kuba@theunderground.design,Underground
Jai,jai@hirethestarters.com,The Starters
Ali,ali@positioninteractive.com,Position
Joshua,josh@loftyword.com,Lofty Word
Dejan,dejan@de-yan.com,DE-YAN
Soonduk,sk@skdesignworks.com,"SK Designworks, Inc"
Rog,rog@how.studio,How&How
Joe,joe@stitzstudio.com,Stitzlein Studio
Christopher,christopher@narrativenewyork.com,Narrative
Noah,noah@ravie.co,N/A
Wayne,wayne@kydak.com,Kydak
Marisa,marisa@risecreativeco.com,RISE Creative Co.
Marc,marcdigital@ic3d.net,IC3D
Anthony,tony@medrare.com,Medium Rare
Jonathan,jayala@yourlightingbrand.com,Your Lighting Brand
Ernesto,ernestoebanks@ebanksdesignstudio.com,"EBANKS DESIGN STUDIO, INC."
Jonathan,jon@jsteeldesign.com,jSteel Design
Vikas,vikasb@promolance.com,Promolance
Sandeep,sandeep@eisdesigninc.com,Eis Design Inc.
Colton,colton@sunnystudios.co,Sunny Studios
Sara,sara@carta-creatives.com,Carta Creatives
Luke,luke@rustltd.com,RUST LTD.
Patience,nelson@aps.org,American Physical Society
Kevin,kevin.reed@qualitypunch.net,Quality Punch
Keith,keith@zapgraphics.com,Zap Graphics
James,james@onqsolutions.com,OnQ
Brad,brad@shorewoodcc.com,Shorewood Country Club
Brent,brentlindberg@fuseneo.com,"Fuseneo, Inc."
Latoya,lcarey@kginzpirations.com,Kenneth Grant Inzpirations
Michael,mike@georgetownsign.com,Georgetown Sign Company
Alex,alex@blievemedia.com,"BLIEVE Media, LLC"
Myisha,myisha@mysfirm.com,M.Y.S. Firm
Kyle,kyle@getsway.com,Sway
Amy,amy@lughstudio.com,"Lúgh Studio, Inc."
Reggie,reggie@pryorinvestments.com,Pryor
Michael,mbruton@jbtecknologies.com,JB Technologies
Brian,bhock@brianhockdesign.com,Brian Hock Design
Matt,mdickamore@dentonhouse.com,Denton House Design Studio
Vince,vince@g3creative.com,"G3 Creative, Inc."
Jake,joberle@accentdistributing.com,Accent Distributing
Jared,jared@redjarcreative.com,Red Jar Creative
Bill,bpayne@freedomimaging.com,Freedom Imaging Inc
Brian,brian@newbomb.com,Newbomb Design
Alan,alan@alanbarnett.com,Alan Barnett Photography and Alan Barnett Design
Ian,ian@serffcreative.com,"Serff Creative Group, Inc."
Judy,jfeild@zoltun.com,Zoltun Design
Malorie,malorie@cameopr.com,Cameo Public Relations
Marla,marla@mymainprinter.com,Main Printing
Jason,jason@boiseweb.net,Boise WEB
Peter,pmcallis@ringling.edu,Ringling College of Art and Design
Jennifer,jdoepke@designpickle.com,Design Pickle
Jack,jmcnertney@redlobster.com,Red Lobster
Amybeth,amybeth@basscreative.com,Bass Creative
Stephanie,ssimon@sqpeg.com,Square Peg Design
Charlie,charlie@doinkdesign.com,Doink Inc.
Scott,scott@browndogsigns.com,The Brown Dog Sign Company
Robert,reed@nviusgraphics.com,"nVIUS Graphics, Inc."
Casey,casey.thomas@gouldevans.com,Multistudio
Carol,carol@helpprinters.com,Help Printers Inc
Elizabeth,elizabeth@lolareddesign.com,"Lola Red Design Group, Inc."
Ray,ray@signinnovation.com,Rocconic Corp.
Theresa,theresa.santelli@elevenpeppers.com,Eleven Peppers Studios
Keith,keith@he-designs.com,He-Designs (Hammerbeck E-Designs)
Chad,chadp@pbsservices.net,PBS Services
Ronny,ronny@miasouv.com,Miami Souvenirs
Dawn,ddiamond@dg-studios.com,D|G Studios
Orlee,ogoldfeld@curran-connors.com,"Curran & Connors, Inc."
Hal,hal@tobywolkdesign.com,Toby Wolk Design Studio
David,david@landisproductions.com,Landis Productions LLC
Erik,eryan@ryan-designs.com,Ryan Designs
Amy,amy@designformare.com,Design Formare Inc.
Greg,greg@broadmarkcorp.com,"Stamm Web Creations, LLC"
Kirby,kirby@ksdweb.com,KSD KINETIC | STRATEGIC | DESIGN
Bret,bfj@supremesolutionsinc.com,"Supreme Solutions, Inc."
Roland,hale@halesigns.com,Hale Signs
Katie,katie@fantasia.com,Fantasia Accessories Ltd.
Daniel,dan@propulsion.digital,Propulsion Digital
Melanie,melanie@browngraphics.com,Brown Graphics Inc
Lawrence,ljones@graphixink.net,Graphix Ink
Heather,hwhite@gcsc.k12.in.us,Hancock County Humane Society
Ashley,ashley@threeeyedbird.com,Three Eyed Bird Design
Kimberly,kimberly@wrapcitygraphics.com,"Wrap City Graphics, Inc."
Keith,keith@seaboardsigns.com,Seaboard Signs and Engraving
Al,alz@napiinc.com,"NAPI, Inc."
Richard,richard.r@richmadedesign.com,"Rich Made Design, LLC"
Robert,robertd@sapphire-design.com,Sapphire Designs
Douglas,doug@artdisplayco.com,Art Display Company
Erick,erick@graficolv.com,Grafico Inc.
Craig,craig@endlessprod.com,Endless Productions
Lucile,lucile@sansigns.com,San Signs and Awnings
Justin,justin@beardesignz.com,Bear Designz
Ralph,ralphpund@udassoc.com,"Universal Design Associates, Inc."
Scott,scott@mainelinesigns.com,maineline
Dick,dick@gdassociates.net,GD Associates
Robin,robin@foleysignshop.com,Foley Signs
Taylor,taylor@evo-tampa.com,Evolution Studios & Media
Adam,adam@assi.lu,Assi
Jackie,jackie.bartlett@hostway.com,Hostway
Anthony,anthonya@arainsurance.com,ARA Insurance Services
Jim,jim@flybuggers.com,Henderson Consulting
Sung,sung.nam-hong@magichands.co.uk,Magic Hands
Rick,rick@x-presssign.com,X-Press Signs Inc
Dwight,ddelong@hoboonline.com,HOBO
Kimberly,kimv@getcinnamon.com,Cinnamon Design Ltd
Randy,randy@oryxdesigns.com,ORYX Designs
Steve,s.lazarian@cityworksinc.org,"CityWorks People + Places, Inc."
Pam,pcrain@surge-innovations.com,Surge Creates
Brien,brienp@deckerdesign.com,"Decker Design, Inc."
Judy,judyg@journeygroup.com,"Journey Group, Inc."
Gina,ginam@inspirobrands.com,"Inspiro Brands, Inc."
Sesha,sesha.laughlin@plasticsunshine.com,Plastic Sunshine
Matthew,msteel@steelbros.co,Steel Brothers
Randy,randy@creativeventures.biz,Creative Ventures
Jeremiah,jeremiah@alsodept.com,ALSO DEPT.
Doug,doug@thegraphicsoffice.com,The Graphics Office
Beau,beau@weareagnt.com,AGNT
Heather,heather@hcassociates.com,"Hamagami/Carroll, Inc."
Kevin,kevin@vertexsigns.com,Vertex Signs
Marco,marco@meadow.cc,"Meadow Design, Inc."
Will,will.smallman@15four.com,Fifteen4 Creative
Kyaw,kyaw.lwin@thebusinesstoolkit.com,The Business Toolkit
Molly,molly@brandcatcreative.com,Brandcat
Cris,cris@infusion.media,Infusionmedia
Deborah,deborah@squaremelon.com,Square Melon Communications
Tina,tina@hellonextstep.com,Next Step
Viet,viet@clickrefresh.com,Click Refresh Inc.
John,johnp@intelligentbeast.com,Intelligent Beast Productions
Mara,mara@sp4eva.com,Smartypants Communications
Michael,forrest@thisiscounter.com,Counter Brand & Type
Connor,connor@wvcreative.com,"Weathervane Creative, Inc."
Sujatha,sujatha@purelynx.com,PureLynx
Janice,janice@bfdg.com,Bernhardt Fudyma Design Group
Jenny,jenny@studiobueno.nyc,Studio Bueno
Kimberly,ktone@tladesignllc.com,Tla Design
Kate,johnson@dresserjohnson.com,Dresser Johnson
Caleb,caleb.m@growwithmonsoon.com,Monsoon
Brian,brian.eakins@revisionautomedia.com,ReVision Automedia
Patrick,patrick@sheepdog-creative.com,Sheepdog Creative
Heidi,heidi@22graphics.com,"22 Graphics, Inc"
Eugene,eugene@lightmix.com,LightMix Design Studio
Tammy,tammy@gillfishmandesign.com,Gill Fishman Design
Jesse,jesse@trustdesignshop.com,Trust Design Shop
Allen,allen@nedg.net,Northeast Design Group
Lydia,lydia.fuller@colart.com,Colart
Joyce,joyce@presentstudio.co,Present Studio
Michele,michele@abcsignshop.com,"ABC Sign & Graphic, Inc."
Mark,mark@deltadesigndsm.com,"Delta Design, Inc."
Noah,noah@gamersaloon.com,Gamer Saloon
Patrick,patrick@c2-cc.com,C2 Creative Studio
Andi,andi.d@wearebulletproof.com,Bulletproof
Ethan,ethan@rare.design,RARE Design
Linda,linda@lmid.co,LINDA MODICA INNOVATION + DESIGN LLC
Nicole,nicole@imbrandified.com,Brandifi
Brian,brian@rmbvivid.com,RMB Vivid
Theo,theof@spackle.com,Spackle
Alex,alex@drakecreativecollab.com,Drake Creative Collaborative
Amie,amie@seriodesign.com,Serio Design
Gabriela,gabriela@cmadesign.com,CMA Design
Jennifer,jennifer@loft212design.com,Loft 212 Design
Rob,rob@robhalldesign.com,Rob Hall Design
Jamie,jamie@xeroproject.com,xeroproject
Grant,grant@immersionresearch.com,Immersion Research
Jenny,jenny@sdcopartners.com,SDCO Partners
Ryan,ryan@lautdesign.com,Laut Design
Anne,anne@swathdesign.com,Swath Design
Kevin,kevin.krueger@multipleinc.com,"Multiple, Inc."
Doug,doug.case@risingline.com,RisingLine
Austin,aburns@paragon4design.com,Paragon Solutions
Morgan,morgan@morganionephotography.com,Morgan Ione Photography + Production
Rina,rina@dribbble.com,Dribbble
Melissa,melissa_brown@smartstudio.us,Melissa Brown Design
Jason,jason@jlhendricks.com,Jason Hendricks Creative
Joelle,joelle@maudegroup.com,The Maude Group
Liz,liz@vitaminisgood.com,Vitamin®
Rob,rob.roach@sonoco-trident.com,Sonoco-Trident
Mike,mkauffman@grafikaprint.com,Grafika Print
Colin,colson@dentonhouse.com,Denton House Design Studio
Heather,hgregg@fathomcreative.com,Fathom Creative
Nei,nei.v@wearebulletproof.com,Bulletproof
Alexandra,aroot@chasedesign.net,ChaseDesign
Bennett,bennett@pasadenasigns.com,Pasadena Sign Co
Ross,ross.henderson@aljazeera.net,Al Jazeera Media Network
Tony,tony@mortisstudio.com,Mortis Studio
Jessica,jtoal@asdnet.com,ASD | SKY
Alicia,alicia@aliciagearty.com,AJGD LLC
Benjamin,ben.arciszewski@i3pd.com,InForm Product Development
Alex,alex.kw@pearlfisher.com,Pearlfisher
Anita,anita@azuradesign.com,"Azura Design, Inc"
Ryan,ryan.bosse@stoutsf.com,Stout Design Inc
Luke,lkielion@kellywearstler.com,Kelly Wearstler
John,john@map-agency.com,Map Agency
Jonah,jharter@toledosign.com,Toledo Sign Co
Reinaldo,rgomez@waremalcomb.com,Ware Malcomb
Justin,justin.s@pearlfisher.com,Pearlfisher
Gerard,gerard.vasco@turnerduckworth.com,Turner Duckworth
Max,maxa@marathonpress.net,Marathon Press
Alicia,azaro@waremalcomb.com,Ware Malcomb
Dustin,dustin@10poundgorilla.com,10 Pound Gorilla
Nicole,nicole@pearlfisher.com,Pearlfisher
Johnna,johnna@atomswitch.dev,"Atom Switch, Inc."
Maureen,maureen.hartman@ci.stpaul.mn.us,St Paul Public Library
Shane,shane@wearedevice.com,Device Creative Collaborative
Andrea,arobison@chasedesign.net,ChaseDesign
Iris,iris@dogcatchercreative.com,Dogcatcher Creative
Chris,chris@bonfirered.com,Bonfire Red
Ritika,rgupta@swimusa.com,SWIM USA
Rachel,rlevey@ringling.edu,Ringling College of Art and Design
Hugh,hugh@enocksondesign.com,Enockson Design
Traci,traci@studiosixbranding.com,Studio Six Branding
Rachel,rachel@advocatecreative.com,Advocate Creative
Ben,bhchilds@umd.umich.edu,Apollo Artistry
Derek,dlipman@wmeentertainment.com,Image Sound & Motion
Laura,laura@studio-scott.com,Studio Scott
Sarah,sarah@culturex-inc.com,CULTURE
Jennifer,jmumford@ringling.edu,Ringling College of Art and Design
Ann,annc@alyeskaresort.com,Alyeska Resort
Gregory,gregory.kelinske@rrd.com,RR Donnelley
Frank,grimaldif@phototype.com,Phototype
Przemyslaw,p.grygiel@challengestudio.pl,CHALLENGE Studio
Alex,alex@acnedesign.com,ACNE Design LLC
Solveig,solveig@grandjete.com,Grand Jeté
Sydney,sydney_jacobson@cargill.com,Cargill
Robin,robin@swivelstudio.com,Swivel Studio
Terry,trob@vextrum.com,VEXTRUM STUDIOS
Keri,keri@richmondconcept.com,Richmond Concept Inc.
Robert,robert@910zen.com,910ZEN
Chad,chad@jcldesign.com,JCL design
Michelle,michelle@m-mdesign.com,M + M Design
Tasha,tweiss@cvclubs.org,Boys & Girls Clubs of the Greater Chippewa Valley
Hideki,hideki.okano@dneg.com,Double Negative
Kari,kari.tuttle@blindsociety.com,Blind Society
Foster,foster@fosterbarkercreative.com,Ariana Design
Marilaura,marilaura@moyadesignpartners.com,Moya Design Partners (MOYA)
Jeff,jeff.white@bigmonocle.com,Ace Creative
Amy,amy.r@madison-design.com,Madison Design
Emily,etrafford@tenfoldbrand.com,TENFOLD®
Michael,michael.ralph@gouldevans.com,Multistudio
Arielle,arielle@twopaperdolls.com,TPD DESIGN HOUSE
Michael,michael@mudhaus.com,MUDHAUS
Mary,mary@frontier.ms,Frontier Strategies
Chris,chris@rocketmancreative.com,Rocketman Creative
Mary,mwalker@amplifire.com,Amplifire eLearning
Kristin,kristin@dezinnia.com,deZinnia
Josh,josh.bryant@journeygroup.com,"Journey Group, Inc."
Derek,derek@ryecroftcreative.com,"Gaylard Enterprises, Inc. / Ryecroft Creative"
Doug,doug@taylorbruce.com,Taylor Bruce Design Partnership Chicago
Roberto,sayhi@rh-creativestudio.com,RH Creative Studio
Lisa,llawlor@relawlor.net,Lawlor Graphics
Julie,julie@longhornlawnsaustin.com,Longhorn Lawns
Scott,scott@simplissimus.co,Simplissimus
Ihsaan,isingleton@tradewraps.com,TradeWraps
Wes,wes@krisaykreative.com,Krisay Kreative
Gary,gary.book@indigostudios.com,Zeax Creative Agency
Tonya,tonyatsoukalas@basedon.com,BasedOn
Lawrence,lmagana@dualpixeldesigns.com,Dual Pixel Designs LLC
Jennifer,jennifer@oneworlddmg.com,One World Design and Manufacturing Group
Kristen,ksoffel@nanz.com,The Nanz Company
Megan,mlukas@curran-connors.com,"Curran & Connors, Inc."
Lana,lana@gwinncreative.com,Gwinn Creative
Nelson,nelson@pyrognosis.com,Pyrognosis
Tracy,tracy@berrydesign.com,Berry Design
Amanda,amanda@foursparrow.com,Four Sparrow
Benji,benji@creative.plus,Creative Plus
Phillip,phillip.cheung@hcassociates.com,"Hamagami/Carroll, Inc."
Gayle,gayle.vivere@viveredesign.com,The Vivere Design Team
Brian,brianf@astrastudios.us,Astra Studios
Ronnie,ronnie@miamiyfc.com,Greater Miami Youth For Christ
Stephen,stephen@stephenselzler.com,StudioSelzler
Paul,paul@downloaddesign.com,Download Design
Peter,peters@twoseven.net,Twoseven Inc.
Jason,jason@productionsdesign.com,Productions Design
Andrea,avilla@decorworx.com,Decorworx
Craig,craig@brandeavor.com,Brandeavor
Kate,kate.douglas@alturadesign.com,"Altura Design, Inc."
Richard,richard@17th.com,Seventeenth Street Studios
Boris,boris@punchrva.com,Punch - The Art of Impact
Andrew,andrew@neco-collective.com,Neco Collective
Lucy,lkelly10@calpoly.edu,California Polytechnic State University-San Luis Obispo
Justin,justin@sproutmedia.biz,"Sprout Media, LLC"
Christian,christian@dvcsigns.com,DVC SIGNS
Sherry,sherry@gradeadesign.com,Grade A Design
Toni,tfitch@zdesigngroup.net,Z Design Group
Isabelle,isabelle@jptgraphics.com,JPT Graphics
Jennifer,jennifer@skyhookinteractive.com,Skyhook Interactive
Denise,spirito@p9design.com,P9 Design
Sarah,sarah@mainelinesigns.com,maineline
Kaylee,kaylee@bykbstudio.com,By KB Studio
Jennifer,jennifer@wingpress.com,Wing Press
David,david@dsgrafx.com,DS Grafx
Jana,jana@studioadesign.biz,Studio A design
Emily,emily@artandanthropology.com,Art & Anthropology
Brett,brett@stippichdesign.com,STIPPICH | design
Jennifer,jennifer@dotmatrixdg.com,Dot Matrix Design Group
Caroline,caroline@koto.studio,Koto
Nicolette,nicolette@lemongrenade.com,LemonGrenade Creative
Nick,nick@dialedinmediagroup.com,Dialed-In Media Group
Nicole,nkuse@sflschools.org,Seton Foundation For Learning
Donna,donna@thedesignspot.com,The Design Spot
Sarah,sarah@clickandcompany.com,Click & Company
Raul,raul@hrodesign.com,HRO Design
Theodore,ted@ibidesigns.com,ibi designs inc.
Jose,jose@thecrpgroup.com,The CRP Group
Miranda,miranda@smashinkcustom.com,Smash Ink
Shirley,saldebol@seiu32bj.org,32BJ SEIU
Eddie,eddie@miamiyfc.com,Greater Miami Youth For Christ
Sandra,halsey@halsey.com.tw,Halsey Enterprises
Rebecca,rebecca_hawron@wtbi.com,WTBI
Martin,martinperrin@perrinstudio.com,Perrin Studio
Angela,angela_morgan@aiga.org,AIGA Design
Nicolas,nic@vacostudio.com,VACO Studio
Tim,tim@petergreendesign.com,PETER GREEN DESIGN
Donna,donna@ripeinc.com,Ripe Inc.
Elizabeth,elizabeth@twolipscreative.com,TwoLips Creative
Maine,fiberarts@gwi.net,GWI
Deb,dkoestner@swimusa.com,SWIM USA
Whitney,whitney@jupiter-seo.com,Jupiter SEO
Hellen,hellen@waters-creative.co.uk,Waters
David,djaffe@waremalcomb.com,Ware Malcomb
Julie,julie@about350.com,About350 Creative
Christopher,cm@tenfold.net,Tenfold
Nick,nick@icepick.co,Icepick
Brad,brad@brandcanyonco.com,Brand Canyon Co
Maria,maria@germinatecreative.com,Germinate Creative
Jason,jason@creativenomads.com,Creative Nomads | Branding & Web Design
Kelley,kelley@hiddenpathcreative.com,Hidden Path Creative
Joe,joe@dual-studios.com,DUAL STUDIOS
Ethan,ethan@himkalogos.com,Himka Creative Co.
Megan,megan@strangebirddesigns.com,U.S. Soccer Federation
Trevor,trevor@caskercreative.com,Casker Creative
Pia,pia@creativeconsultingcompany.com,Creative Consulting Company
Emily,emily@renderdwell.com,Render Dwell
Kurt,kurtwillmon@internetwebbuilders.com,eSmart Stores
Allison,allison@theeventdesigncompany.ca,Special Event Design Co
Phil,phil@allsaintsmedia.com,All Saints Media
John,john@stickyfingersdesign.com,Sticky Fingers Design
Stephanie,steph@neckbreakervinyl.company,Neck Breaker Vinyl Company
Nicholas,nick@whoismanifest.com,"Manifest Creative, LLC"
Mike,mike@spidergfx.com,SpiderGFX LLC
Susun,susunweed@herbshealing.com,Ash Tree Publishing
Thomas,thomas@virtuoso-graphics.com,Virtuoso Graphics
Nancy,nminter@imagraphystudio.com,Imagraphy Studio
Brian,brian.bateman@batemandesigngroup.com,Bateman Design
Patty,patty@pattymcavoydesigns.com,Patty McAvoy Designs
Sheryl,sheryl@checkmandesign.com,Sheryl Checkman Design LLC
Chris,chris@municipalgraphics.com,Municipal Graphics Inc.
Kathi,kathi@elementalinteractive.com,Roberts Design
Ilene,ilene@graphicdesignerd.com,Ilene Haddad Graphic Design
Erica,erica@jenningsdesignonline.com,Jennings Design
Gadi,gadi@newdealdesign.com,NewDealDesign
Scott,scott@riley-online.com,Riley Web Design & Marketing
April,greiman@madeinspace.la,Made in Space
Ron,ron@gobga.com,Brandywine Graphic Associates
Jennifer,jennifer@merrittdesignphoto.com,Merritt Design Photo
Chalsey,chalsey@fullmood.co,Full Mood Studio
Kym,kym@kad.com,Kym Abrams Design
Leah,leah@graphically-speaking.com,Graphically Speaking
Daniel,dan@thecatspjs.com,The Cat's Pajamas
Corky,corky.huston@hustonsigns.com,Huston Signs
Don,donh@quantumgrafix.com,Quantum Grafix
M,mh@teknigram.com,Teknigrammaton Graphics
Mahmoud,wadi@wadigraphic.com,Wadi Graphic
Allison,allison@chapasdesign.com,Chapas Design LLC
Eric,eric@ericmontgomerydesigns.com,Eric Montgomery Designs
Allan,allan@allanhawkins.com,AH Designs
Geoff,geoff@sdisf.com,"Surfacedesign, Inc."
Scott,scott@graphish.com,Graphish Studio
Tim,tim.nugent@pulse-global.com,Pulse Design Group LLC
Hasan,hasan@image360indygreenwood.com,Image360 - Indy-Greenwood
Kelly,kellyz@cherishedimages.net,Cherished Images Fine Art Portrait Photography at The 8th Street Studio
Josie,josie@luckybeemarketing.com,Lucky Bee Creative Studio
Beth,beth@pryordesign.com,PryorDesign
Don,don.carlton@arrowgraphics.net,Arrow Graphics
Michael,michael@cinaassociates.com,Cina Associates
Monica,monica@modicumskincare.com,Modicum
Jennifer,jennifer@downtowndesignorlando.com,Downtown Design Orlando LLC
Janet,janet@inhousegraphics.com,In House Graphics
Malane,malane@malanenewman.com,Malane Newman Design
Aaron,aaron.boone@juncture.org,Juncture
Sherry,sherry@sketchesetc.com,Sketches Etc Inc
Monica,monica@shopprodigi.com,PRODIGI Promotional Solutions
Michael,mflint@metropoliscreative.com,Metropolis Creative
Celia,cc@studioconover.com,StudioConover
Jessy,jessy@belladiadesign.com,Belladia Marketing and Design
Shannon,shannon@appetitefordesign.com,Appetite for Design
3w,edge@3wedge.com,3W Edge
Michelle,michelle@thedesignpoole.com,The Design Poole
Mimi,mimirr@creativemimi.com,Creative Designs by Mimi
Stefan,stefan@designmadesimple.net,design made. simple.
Miriam,mdwinell@churnbutterdesign.com,Churn Butter Design
Will,photo@willblochinger.com,Will Blochinger Photography
Christopher,chris.berge@bergedesign.com,Berge Design
Don,don@regole.com,Regole Design
Matthew,matthew.wahl@sovereigngrace.com,Sovereign Grace Ministries
Lizzie,lmctighe@ignitexds.com,Ignite XDS
Tammy,tammy@misfitdesigns.co,Misfit Designs
Karen,karen@stonewaymarble.com,Stoneway Marble Granite & Tile
Gary,gph@genepoolhall.com,Gene Pool Hall
Denise,denise@dbump.com,Bump Design
Veronica,veronica@supernovacreativestudio.com,Supernova Creative Studio
Simon,srobinson@simonsignsystems.com,Simon Sign Systems
Chris,chris@square2pixel.com,"Square Pixel, LLC"
Shari,shari@littlebluedeer.com,little blue deer
Maria,maria@dighoarts.com,digho
Liz,liz@dreamingincolordesign.com,"Dreaming in Color Design, LLC"
Jennifer,jennifer@smartartsouth.com,"SmartArt South, Inc."
Diane,diane.okeefe@thinkcompany.com,Think Company
Jason,jason@sixabovestudios.com,SixAbove Studios
Rebecca,rebecca@fabellecreative.com,Fabelle Creative Co.
Byron,bscheile@tgsatlanta.com,Total Graphic Solutions
Erik,erik@bellfortino.com,Bell Fortino
Miranda,miranda@mirwrites.com,Miranda Writes
Andrew,andrew@andrewharnois.com,Andrew Harnois Designs
Karen,karen@cinvitations.com,Creative Impressions
Justin,justin@427design.com,427 Design
Stephanie,stephanie@chewningdesign.com,Chewning Design
Marissa,marissa@emersonj.com,Emerson James Design
Stanley,stanley@royerdesigns.com,Royer Designs
Carolyn,carolyn@portusimaging.com,Portus Imaging
Justin,justin@jddesignvt.com,JDDesingn llc
Esmaeil,eghandi@walmart.com,Walmart
Kate,kate@cmykate.com,Cmykate Designs
Emily,emily@scoutbrand.com,Scout Branding Company
Walter,walter@walterelliott.com,Walter Elliott Photography
Tim,tim@drafthorsestudio.com,Draft Horse Studio
Millie,millie@maker--made.com,Maker + Made
John,john@almontearts.com,Almonte Arts | ADA Signs & Engraving
Adrian,adrian@tlgraphics.com,Tl Graphics
Brittany,brittany@makerandmade.com,Maker + Made
Nick,nick@apluspowder.com,A Plus Powder Coaters Inc
Lon,lon@monahanphoto.com,Monahan Photographic Artist
Craig,cbakstad@speedpro.com,SpeedPro
Jeanette,jeanette@jbcreate.com,JB Creatives
Lyn,lhayes@jellystonefranchise.com,Camp Jellystone - Franchisor of Jellystone Park™ Camp-Resorts
Jillian,jillian@priscillacreative.com,Priscilla & Company Creative
Clifton,cliff@thomascreativesolutions.com,Thomas Creative Solutions
Mandy,mandy@mmdesignnapa.com,Masciarelli Design
Charlotte,charlotte@meiradesign.com,Meira Design
Amy,amy@hobartandhaven.com,N/A
Candy,candy@ligaturecreative.com,Ligature Creative
Kim,kim@passitonsales.com,Zerbe Graphic Design
Natalie,natalie@modernsugar.com,Modern Sugar
Zac,zac.spencer@cravemedia.io,Crave Media
Kris,kristina@orangeflux.com,Orangeflux
Chris,chris@southernnorthern.com,Southern Northern
Kathrine,kdavis@welchsign.com,Welch Sign
Rachel,rachel@rayrockdesign.com,RAYROCK WEB DESIGN
Marina,marina@marinabrolindesign.com,Marina Brolin Design
John,john@ocsigns.net,O.C. Signs
Kecia,kecia.jacobs@studiojdesignworks.com,Studio J Designworks
Sig,sig@ruegersigns.com,Rueger Signs
Ashkan,ashkan@shkn.co,SHKN Design Co.
Ray,ray@rayruppert.me,Ruppert Design
Danica,danica@humbledesign.studio,Humble Design Studio
Joel,signs@ccvn.com,Robertson Design & Sign
Bennett,bennett@studiobcreative.com,Studio B
John,john.worthen@worthendesign.com,Worthen Design
Rachael,rachael@moduza.com,Moduza Design
Maritza,maritza@goingpostaldesigns.com,Going Postal Designs
Lynn,lynn@lynnbrofsky.com,Lynn Brofsky Design
Keith,keith@five17design.com,Five17 Design
Lora,lora.poe@lavanduladesign.com,Lavandula Design
Larry,larry@stargazercreations.com,Identity Concepts Design
Mickie,mickie@muralsandmore.com,"Murals & More LLC, specializing in custom interior and exterior murals"
Dave,dave@drdesignsonline.com,Dr Design
Emily,emily@sparrowinkdesign.com,Sparrow Ink Design
Christopher,chris@leap-nlizards.com,"Leap’n Lizards, Inc."
Bolen,bolen@higharte.com,"High Arte | Graphic, Media & Web Design"
Jamie,jamie@sprucerd.com,Spruce Rd.
Jim,jim@athertoncustoms.com,AthertonCustoms
Walter,walter@signsmarts.com,Sign Smarts
Tracy,tracy@priscillacreative.com,Priscilla & Company Creative
Shannon,shannon@handsonweb.info,Hands On Web
Richard,rich@moondesign.info,Moon Design
Angel,angel@angelnicholson.com,Angel Nicholson Design
Charlotte,charlotte@cseid.com,"CSE Identity Design, Inc."
Stephanie,stephanie@design-ability.com,Design Ability
Donna,donna@firstimagestore.com,First Image
Ben,ben@flyingtoadgraphics.com,Flying Toad Graphics
Nell,nellt@tapestrygraphics.com,Tapestry Graphics
Paul,paul@paulrusselldesign.com,Paul Russell Design
Erin,egray@uniquelygray.com,"Uniquely Gray Design, LLC"
Boris,boris@bleuthai.com,Bleu Thai Designs
Alex,ahargrave@bciburke.com,BCI Burke Company
Dawn,dawn@acreativeedge.us,Creative Edge Design Studio
Frank,fnb@bontempodesign.com,Bontempo Design
Dick,ddriest@grubhub.com,Grubhub
Becky,becky.marcum@etapestry.com,Tapestry Graphics
Gerard,gerard@sunshinedesigns.com,Sunshine Designs
Daniel,daniel@graphicsolutionsdesign.com,Graphic Solutions LLC
Flash,flash@greenbenches.com,Aaah
Eric,eric@laera.org,Eric Sturtz Design & Photography
David,dfrohmader@cellarstudio.com,Cellar Studio Designs
Zac,zac@schwiet.co,Schwiet Co.
Jean,jean@alandesignstudio.com,ALAN Design Studio
Rachael,rachael@hvdstudios.com,Peg Ogle Design
