Name,Email,Company
Anthony,anthony@creaet.com,Creaet
Adam,adam@artstak.com,Artstak
Lia,liavin@liavin.com,Lia Vin Creative Design Agency
Sean,sean@getgorgeo.us,GORGEOUS
Jennifer,jen@oxyjendesign.com,"Oxyjen Design, Inc."
Veronika,veronika@pillcreative.com,Pill Creative Studio
Matt,matt@fifty-eight.co,58 Creative
Javier,javier@practica.design,Pràctica
Neal,neal@neco-collective.com,Neco Collective
Kristin,kristin@thelabelcollective.com,The Label Collective
Charley,charley@iconoclastdesign.co,Iconoclast Design Co.
Anna,anna@stanbranding.com,© STAN Branding Agency
Cindy,cindy@lockstepstudio.com,Lockstep Studio
Rob,rlillicrap@quadcitycustomsigns.com,Quad City Custom Signs
Jennifer,jennifer@fieldofstudy.design,Field of Study
Paul,paul@onqsolutions.com,OnQ
Khushnood,khushnood@frontmatter.io,Frontmatter
Shaneeb,shaneeb@frontmatter.io,Frontmatter
Alison,alison@moonlitmedia.com,Moonlit Media
Weston,weston@secretsauce.design,Secret Sauce
Luke,luke@vmg-creative.com,VMG Creative
Paula,paula@adducistudios.com,Adduci Studios
Neil,neil@madebynonfiction.com,Nonfiction
Don,rood@felthat.com,The Felt Hat
Ken,ken@brandco.com,BRANDco.
Phillip,phillip@catalyststudioz.com,Catalyst Studioz
Jett,j.butler@fodastudio.com,FÖDA™
Giancarlo,giancarlo@designmonk.pro,DesignMonk
Josh,josh@greatbeliever.us,Great Believer
Renee,renee@helloeleven.com,Eleven
Carlos,carlos@sagemediastudio.com,Sage Media
Jason,jason@friendofafriend.studio,Friend of a Friend Studio
Creatix,creatix@andrewstechnologygroup.com,Andrews Technology Group
James,james@subplotstudio.com,Subplot Studio
Brian,brian@dotmatrixdg.com,Dot Matrix Design Group
Erika,erika@lemonyellow.com,Lemon Yellow
Michelle,michelle@mise.studio,Mise Studio
Dylan,dylan@flagcreations.com,Flag Creations
Lorea,lorea@incrediblemarketing.com,Incredible Marketing
Christian,christian@papercloud.studio,Paper Cloud Creative
Mohamed,mohamed.dobrova@uniquealaska.com,Unique Designs
Scott,scott@design360.net,Design360 Inc.
Susan,susan.panning@lime-creative.com,Lime Creative
Anton,anton@rustltd.com,RUST LTD.
Ryan,ryan@dotpixeldesign.com,Dot Pixel
Crystal,crystal@rubyandcitrine.com,Ruby + Citrine
Brenden,brenden@activeculturestudios.com,Active Culture Studios
Terry,terry@curiousandcompany.com,Curious & Co. Creative
Robert,sayhi@design-corps.org,Design Corps of Santa Fe
Anne,anne@bludesignshop.com,NJ Web Creative
Mike,mike@topshelf.digital,Topshelf | Design Subscription
Yonatan,yoni@social-ink.net,Social Ink
Todd,trutledge@accidentinjury.net,Rutledge Design
Joy,joy@ohjoy.com,Oh Joy!
Kate,kate@gurdesigns.com,Ground Under Repair Designs
Eric,eric@allyallpdx.com,All Y'all Creative Agency
Farouk,farouk@graphicalo.com,Graphicalo
Ming,mlau@tacpoint.com,"Tacpoint, Inc."
Renee,renee@bwcreative.com,Bostonwest Creative
Elizabeth,elizabeth@tnqstudios.com,TNQ Studios - A Visual Creative Agency
Kristine,kristine@lobsterphone.com,Lobster Phone
Shannon,shannon@supernaut.com.au,Supernaut
Travis,travis.g@growwithmonsoon.com,Monsoon
Lisa,lisa@raphael-creations.com,Raphael Creations
Michael,michael@thedigitalmaverick.com,Digital Mavrik
Laura,laura.torrisi@torrisidesign.com,Torrisi Design Associates Inc
Taylor,taylor@brandangels.co,Brand Angels
Reid,reid@calhoundesign.com,Calhoun Design
Brittany,brittany@agatealleydesigns.com,Agate Alley
Christa,christa@notodesigns.com,Noto Designs
Kristi,kristi@kskuder.com,Svi Design
Andie,andie@bddcreatives.com,BDD Creatives Inc
Philip,philip@noideas.biz,No Ideas
William,bill@oneflightupdesign.com,"One Flight Up Design & Innovation, Inc. (OFU)"
Karielys,karielys@acvdo.co,ACVDO Co.
John,j.matheus@radd.haus,RaddHaus
Matthew,javajoe@visidiom.com,Visidiom Creative
Brett,brett@baceworks.com,BACEWORKS
Carol,carol@oneflightupdesign.com,"One Flight Up Design & Innovation, Inc. (OFU)"
Brittany,brittany@graphicseast.com,"Graphics East, Inc."
Geoffrey,geoff@team21studio.com,"Team 21 Studio, Inc."
Marvin,marv@infuse.co,Infused Labs
Anthony,anthony@monabrand.com,MIR Solutions Group
Al,achavez@fadbuilds.com,FAD
Heidi,heidi@publicofficial.co,Public/Official
Jacob,jacob@k9design.com.br,K9 Design
Lukasz,lukasz@mediadevotion.com,Media Devotion
Kirill,kirill@lazarev.agency,Lazarev. — AI & Digital Product Design Agency
Lucy,lucy@biscuitstudios.com,Biscuit Studios
Ryan,ryan@visiblemade.com,Visible Made
Mariko,mariko@marikoabe.com,Mariko Abe Creative
Scott,scott@revpop.com,Rev Pop
Barry,barry@brandbeet.com,Brandbeet
Juan,jmayahern@preparebiz.com,PREPARE
Brian,brian@robot.house,Robot House
Amanda,amanda@bydesignish.com,design—ish studio
Reilly,reilly@motifbrands.com,Motif Brands
Kenny,kenny@mudeo.co,MUDEO
Chris,chris@tinbug.com,Tinbug Design Studios
Julia,jules@stonesoup.agency,STONE SOUP STUDIOS
Mitch,mitch@3cd.com,3CD
Chelsea,chelsea@southernfriedpaper.com,Southern Fried Paper
Angela,angela@brandingcreatively.com,Branding Creatively
Courtney,courtney@pearlfisher.com,Pearlfisher
Olivia,olivia@creech.co,Creech
Keith,keith@creativevigilante.com,Creative Vigilante Design Studio
Britt,bhull@raptstudio.com,Rapt Studio
Scott,sp@huskysigns.com,Husky Creative Inc
Shane,shane@lupofremont.com,In Bocca Al Lupo
Marcella,marcellaw@unifiedmmg.com,Unified Media Marketing Group
Clayton,clayton@megaphonepro.com,Megaphone Pro Solutions Inc.
Jim,jim@weareagnt.com,AGNT
Zachary,zachary@xtremedesigns.co,Xtreme Designs
Phil,phil.charron@thinkcompany.com,Think Company
Jacob,jacob@tripleknotproductions.org,"Triple Knot Productions, Inc."
Scott,scott.cameron@st8mnt.com,ST8MNT BRAND AGENCY
Greg,gcampbell@dia-arch.com,Design Innovation
Kemah,kemah@bcgnc.com,BRANDilly Creative Group
Renee,renee.iselin@sarankco.com,SARANKCO: Creative Studio
Mark,mark@ecomdiversified.com,Ecom Diversified (Internet) Technologies
Bob,bpruitt@asdnet.com,ASD | SKY
Martin,martinp@marathonpress.net,Marathon Press
Bryan,blightsey@dg-studios.com,D|G Studios
John,jodonoghue@tacpoint.com,"Tacpoint, Inc."
Rob,rob@robivers.com,"Rob Ivers, Inc."
Mark,mark@bloodnchocolate.com,Blood & Chocolate Inc.
Christopher,cwise@designsensory.com,Designsensory
Stephen,stephen@group22.com,Group 22
Cameron,ctrefry@waremalcomb.com,Ware Malcomb
Michelle,m.coe@blueskyphoenix.com,BlueSkyPhoenix LLC
Eddie,eddie@fantasia.com,Fantasia Accessories Ltd.
Eduardo,eduardo@norelldesign.com,Norell Design
Ted,theisler@waremalcomb.com,Ware Malcomb
Shauna,shauna.stinson@vizwerks.com,Vizwerks
Richard,richard@printmattersinc.com,Print Matters
Coco,coco@raynesassociates.com,Coco Raynes Associates
Alex,jatiscareno@fivecds.com,Five Communications Design Studio
David,david.kitchenman@thinkcompany.com,Think Company
Carmella,carmella@fastclippingpath.com,Fast Clipping Path
Lexi,lexi.tengco@multi.studio,Multistudio
Grace,ghkwells@keystrokesbsc.com,Keystrokes Transcription
Deb,deb.ford@gouldevans.com,Multistudio
Michael,michael@jpiphoto.com,"Johnson PhotoImaging, Inc."
Dave,davef@design-partners.com,Design Partners
Morgan,morgan@morganbaldwin.com,Megapop
Joshua,josh@pdqri.com,"PDQ Graphics, A Division of Integrity Graphics, Inc."
Rory,rsweeney@ism-creative.com,ism-creative
Harvey,hmarcom@reavesfirm.com,"THE REAVES FIRM, INC."
Stephanie,stephanie.ottavan@dn3design.com,"Door No. 3 Design, Inc."
Kristyn,kris@ntwodesign.com,n2design
Steve,stevem@fortyninedegrees.com,Forty Nine Degrees
Tim,tim@wallstreetproductions.com,WALL STREET PRODUCTIONS LTD
Kristen,ktemplin@fister-inc.com,"fister, inc."
Giulio,giulio@finepointpatent.com,Fine Point Patent
Steve,steve@patchproslincoln.com,Elkay Interior Systems
Justin,jbarker@curran-connors.com,"Curran & Connors, Inc."
Janelle,janelle.heimburger@multi.studio,Multistudio
Jeff,jgreen@signmediainc.com,SignMedia Inc.
Murray,murray@bartelprinting.com,Bartel Printing Co
Laura,lwegener@bloomcreativegroup.com,Bloom Creative Group
Jason,jp@whitewhale.net,White Whale Design & Media
Todd,todd@crawshawdesign.com,Crawshaw Design
Gerry,glovett@ilovettdesign.com,"Lovett Design, Inc."
Terry,tw@desnv.com,Diamondback Equipment Sales
Earl,ewalker@image360tucker.com,Image360 - Tucker GA
Kathleen,kathleen@cielost.com,Cielo Design Group
Viron,vlynch@ringling.edu,Ringling College of Art and Design
Scott,scott@basementlight.com,Basement Light Design
Saad,saad@papertiger.com,Paper Tiger
Thomas,kraemer@kraemerinc.com,Kraemer Inc.
Rhett,rhett@sketchesetc.com,Sketches Etc Inc
Craig,craigstebbins@planet-zoo.com,Planet Zoo
David,davep@firebrigadealarm.com,Fire
Jorden,jorden@designpoole.com,"Design Poole, Inc"
Anthony,anthony@dezzzign.com,Dezzzign
Brian,briang@sunshinesign.com,Sunshine Sign Co
Kati,kgoggin@alleycatdesigns.com,Alleycat Designs
Erin,erin@soladayolson.com,Currently Seeking Opportunities
Chuck,chuck.campbell@websoft.net,Industry Software Development
Matthew,matt@goalloutgraphics.com,All Out Graphics
Emanuela,efm@efmdesign.com,EFM Design
George,gvolk@rrmarketing.com,Marketing Media
Kristi,kpagenkopf@foodconcepts.net,"Food Concepts, Inc."
Elizabeth,liz@gowerdesign.com,Gower Design Group
Judy,judy@jfdesigns.net,JF Designs
Greg,greg@winchesterhats.com,Winchester Hat Corp
Frank,frank@harlowbuilders.com,Harlow Builders Inc
Charles,charles@cnpagency.com,CNP
Wes,wes@thepgtsolution.com,Plus Group
Peter,peter@kathydavis.com,Kathy Davis Studios
Miyoshi,msimonet@itodesigns.com,"ITO, Inc."
Matt,m.simpson@jfdglobal.com,Rapp Bomek AS
Joe,joe@heinscreative.com,"Heins Creative, Inc."
Jeff,jeff@pryormarketing.com,"Pryor Marketing & Communications, Inc."
Ricky,ricky.fung@tacpoint-interactive.com,"Tacpoint, Inc."
Guy,guyc@hotfootdesign.co.uk,Hotfoot Design
Daniel,dan@thisisthenarrative.com,the narrative: communication design
John,john@anchor.fm,Anchor
Janin,janin@celebelle.com,Celebelle
Adam,adam@brunelloinc.com,"Brunello, Inc."
Joe,jlashinger@thinkitfirst.com,Think It First
Stephen,stephen@firehorsecreative.com,FIREHORSE Creative
Josh,josh@studiopiko.com,Studio Piko
Jake,jlevy-pollans@trilogyinteractive.com,Trilogy Interactive
Lara,lara@fringe22.com,FRINGE22 Studio
Larisa,larisa@mackeycreative.com,Mackey Creative
Erik,erik@williamsonadams.com,Williamson Adams
Ashley,ashleyt@orangesparkleball.com,"Orange Sparkle Ball, Inc."
Laura,laura@plumthree.com,PlumThree
Steve,steve@foundbrandagency.com,Found Brand Agency
Rory,rory@portrait.design,Portrait
Ana,ana@griddl.co,GRIDDL
David,dave@rescuevessel.com,Rescue Vessel
David,david@ethicinc.com,Ethic Inc
Tony,tony@teamxgs.com,Xpressive graphiX & Signs
Layne,layne@fuelhousecreative.com,FuelHouse
Kythzia,kythzia@campadesign.com,CAMPA DESIGN
Lynn,lynn@oneflightupdesign.com,"One Flight Up Design & Innovation, Inc. (OFU)"
Kate,kate.mullin@hostway.com,Hostway
Beth,beth@schipperdesign.com,Waltz Creative
David,davidm@browndesign.com,Brown & Company Design
Scott,scott@wattersedgedesign.com,Watters Edge Design
Lulu,lulu@partnerandpartners.com,PARTNER & PARTNERS HOLDING GROUP
Abigail,abigail.kerns@studiohmvd.com,Studio HMVD
Baylee,baylee@studiolparch.com,Studio LP
Milena,milenag@archibim.com,"ArchiBIM, Inc."
Clara,cmateus@greengroupstudio.com,Green Group Studio
Christopher,ct@apg4u.com,APG: Advanced Printing and Graphics
Mark,mark@visualnatives.com,Visual Natives
Keith,keith@sweven.design,Sweven.design
Lara,lara@heypartner.co,Partner
Mirko,mirko@papertiger.com,Paper Tiger
Dan,dandriano@alfwr.com,A&L
Charles,cj@theescplan.com,The ESC Plan
Jason,jason@incrediblemarketing.com,Incredible Marketing
Mark,mark@maxwellcreativeworks.com,Maxwell Creative Works LLC
Zack,zack@mezaweb.com,MezaWeb
Janet,janet@jagmedia.net,JAGmedia
Joe,joe@drawntobewild.com,Drawn To Be Wild
Ben,bclos@tenfoldbrand.com,TENFOLD®
Jim,jim@colotera.com,Colotera Creative
Aaron,aaron@sdidentity.com,Drake Creative Collaborative
Sven,sven@igawadesign.com,Igawa Design
Erin,erin@klikconcepts.com,KLiK Concepts
Niaz,niaz@bigapplegroup.com,Big Apple Visual Group
Ronny,ronny@doddcreative.com,Dodd Creative Group
Laura,laurad@deliseoco.com,"Deliseo & Company, LLC"
Cameron,cameron@designity.com,Designity
Valentia,valentia@fatcat-studios.com,"FatCat Studios, Inc."
Christopher,christopher.thomas@gelcomm.com,Gelcomm
Catherine,catherine.wyatt@jdnco.com,JD&Co. Design
Chelsea,chelsea@ibeccreative.com,iBec Creative
Robert,rhall@ninedezine.com,NineDezine
Ben,ben@sixhalfdozen.com,Six | Half | Dozen : design studio
Brandon,brandon.cook@splintercreative.com,Splinter
David,david@agentcadvertising.com,Agent C. advertising and design
Ryan,ryan.sadeghi@sheadesign.com,"Shea, Inc."
Anne,asimon@s2designgroup.com,S2 Design Group
Shannon,shannon@datachieve.com,DatAchieve Digital
Mitchell,mitchell.b@wearebulletproof.com,Bulletproof
Dave,daveladd@koto.studio,Koto
Gail,gail@avenuec.studio,Avenue C
Julie,jnicol@designsensory.com,Designsensory
Ben,ben@doddcreative.com,Dodd Creative Group
Jessica,jessica@lovelydayatelier.com,Perennial Creative Co.
Mary,mary@murmurcreative.com,Murmur Creative
Joe,joe.scheffler@thinkcompany.com,Think Company
Sean,sean@hatchsf.com,Hatch Design
Michelle,michelle@chasedesigngroup.com,Chase Design Group
David,david@studioredeye.com,Studio Redeye LLC
Mike,styk@deptofenergy.com,"Dept of Energy, LLC"
Terry,terry.gonzalez@elevenby17.com,ELEVENby17
Cynthia,cmilota@waremalcomb.com,Ware Malcomb
Nicole,nicole@greentulipdesign.com,Green Tulip Design
Jeff,jeff.plank@barretto-co.com,Barretto
Paul,paul@iconix.biz,Iconix Digital Arts
Chris,chrism@dieseldisplays.com,dē-sl
Wais,wais.taj@acuraoffremont.com,Fremont
Rick,rick@pixelaundry.com,Pixel Laundry
Bridget,bridget@creative-vortex.com,Creative Vortex Inc.
Jill,jill@richardsondesign.com,Richardson Design
Kyle,kyle@bonfirered.com,Bonfire Red
Ben,ben@garden-haus.com,GardenHaus
Belen,belen@pearlfisher.com,Pearlfisher
Molly,molly@fredandco.studio,Fred&Co.
Elaine,elaine@firebellydesign.com,Firebelly Design
Aiden,akaplan@liccpfy.org,PFY
Justin,justin@lucicreative.com,Luci Creative
Olga,olga.povarchuk@motherdesign.com,Mother Design
Conner,conner.brown@evereve.com,EVEREVE
Jessica,jruby@trilogyinteractive.com,Bonfire Red
Jon,jon@inkset.co.uk,INKSET LTD
Michael,michael@intersect-studio.com,Intersect Studio
Katie,katie.monahan@turnerduckworth.com,Turner Duckworth
Sharon,sharon@thefernlodge.com,Fern Lodge
Marie,marie@bluemetadesign.com,Blue Meta Design
Leah,leah@betterbeansbranding.com,Better Beans Branding
Riley,riley.r@wearebulletproof.com,Bulletproof
Matt,matt@hueandcry.tv,HUE+CRY
Lau,lgiraudo@bardoind.com,"Bardo Industries, LLC"
Kyle,kylel@goodthree.com,Goodthree
Dave,dave@mackeycreative.com,Mackey Creative
Tom,tom@flowstatebranding.com,FlowState Branding
Kurt,kgibson@ihsa.org,IHSA OFFICIAL
Selena,selena@redvelvetcreative.com,Red Velvet Creative
Brian,bubbacrowder@fundthenations.com,Fund the Nations
Melissa,melissa.london@elevenpeppers.com,Eleven Peppers Studios
Jessica,jmcinnis@waremalcomb.com,Ware Malcomb
Carolyn,carolyn.ashburn@turnerduckworth.com,Turner Duckworth
Austin,austin@5viz.com,5visual
Cassie,cassie@thomascreativesolutions.com,Thomas Creative Solutions
Ellery,emoorey@opusdesign.us,Opus Design
Carrie,carrie@lucicreative.com,Luci Creative
Aaron,aaron@ceregraphic.com,Ceregraphic | Strategic Branding + Communications
Alysa,alysa@shgdesign.com,SHG Designs LLC
Amy,amy@pixelsandinkstudio.com,Pixels+Ink Studio
Hannah,hannah@turnerduckworth.com,Turner Duckworth
Charissa,charissa@fantasia.com,Ford Design Group
David,d@dzynr.com,"dzynr, llc"
Jarrod,jarrod@bldgrefuge.com,BLDG Brands
Lauryn,lauryn@ellemsee.com,Ellemsee
Richard,richardr@modicum.agency,Modicum
Kate,kotte@cloudgehshan.com,Cloud Gehshan Design
Denise,dredmond@carouselranch.org,Carousel Ranch
Joel,joel@majorminor.co,Majorminor
Vanessa,vanessa@designity.com,Designity
Donald,djohnsjr@dcviscom.com,DC Visual Communications LLC
Julirose,jsullivan@frieddesign.co,Fried Design Company
Emily,emily@studioxphl.com,Studio x.
Andy,andy@bldgrefuge.com,BLDG Brands
Abra,aderbis@sunfieldfarm.org,Sunfield Education Association
Andrew,andrew@wesselsdesign.com,"Wessels Design, LLC"
Laura,laura@studiopercolate.com,Studio Percolate
Hesper,hesper@sqpeg.com,Square Peg Design
Emily,emily@fioredesign.net,Fiore Design
John,john@visualvoice.design,Visual Voice (US)
David,david@potentpages.com,Potent Pages
Mark,marks@fortyninedegrees.com,Forty Nine Degrees
Ken,kharris@greatisland.com,Great Island Design
Julia,julia@couparconsulting.com,COUPAR
Taylor,taylor@360productions.com,360 Productions
Jessica,jessica@dotmatrixdg.com,Dot Matrix Design Group
Colin,colin@linkedbyair.net,Linked by Air
Bryon,bryon.heylock@floornique.com,"Floornique, Inc."
Monina,mkho@enesco.com,"Enesco, LLC"
Patrick,prandall@pcsk12.org,Presbyterian Christian School
David,dessauerd@davidcreativegroup.com,David Creative Group
Troy,troy@bodiegroup.com,Bodie Group inc
Kelly,kelly.watkins@tjarksandtjarks.com,Tjarks and Tjarks Design Group
Tracie,tracie@quickerprinter.com,Quicker Printer
Travis,travis@verbdb.com,Verb™
Kristina,kristina@clarkstudios.co,Clark Studios
John,john@designcorps.us,Design Corps
Kevin,kevin@sarankco.com,SARANKCO: Creative Studio
Alysa,alysadefelice@weldondesign.com,Ellen Weldon Design LLC
Lauren,lauren_coyne@commarts.com,Communication Arts
Parker,sheley@designbandb.com,Design B&B
John,john@burtondesign.com,burton design
Andrew,drew.lucas@fusionhome.com,Fusion Media
Caelina,caelina@kissaneviola.com,Kissane Viola Design
Joe,jcastrovince@afwonline.com,AFW
Doug,dougb@sundbergassociates.com,Sundberg & Associates Inc
Jon,jon@blackinkart.com,Neco Collective
A,ar@eromav.com,Eromav
Ron,ron@rcadesignstudio.com,RCA Design
Arielle,arielle@tonecreative.com,Tone Creative
Demitri,demitria@modicum.agency,Modicum
Yvonne,yvonne@doublehappinesscreations.com,Double Happiness Creations
Liz,liz@northerndesigngroup.com,Northern Design Group
Jesse,jesse@westof5studios.com,West of 5 Studios
Tim,twelch@lisawelchdesigns.com,Welch Designs
Debbie,debbie@berryhilldesign.com,Berryhill Design
Rob,rob@ottleydesign.com,Ottley Design Group
Jess,jmckenzie@detroit.aiga.org,AIGA Detroit
Jay,descon@designconcept.com,DesignConcept
Rob,rjones@tscsdirect.com,Times-Shamrock Creative Services
Matt,matt@invokedesign.us,Invoke Design LLC
Dylan,dylan@lovably.com,Lovably
Ruth,ruth@yogawithruth.com,Studio Grace
Mohamadreza,mohamadreza@originstudio.design,Origin Studio
Michael,michael@together.agency,Together
Brandi,brandi@brochurebuilders.com,Brochure Builders
Kris,kpegah@ringling.edu,Ringling College of Art and Design
Mike,mmeyers@zone3creative.com,Zone 3 Creative
James,james@etbe.org,East Texas Baptist Encampment
Andre,andrec@journeygroup.com,"Journey Group, Inc."
Ruth,rchavez@ringling.edu,Ringling College of Art and Design
Carl,kknecht@dcad.edu,Delaware College of Art and Design
Fabian,fabian@miamiyfc.com,Greater Miami Youth For Christ
Laurie,laurie@guyettperformancemedia.com,Guyett Performance Media
Giovanni,giovanni@giovannibianco.com,GB65
Bobby,bwestfall@willowcreekgolfclub.com,Willow Creek Golf Club
Danielle,dthompson@afhboston.org,Artists For Humanity
Michael,maragon@dualpixeldesigns.com,Dual Pixel Designs LLC
Sarah,sarah@sarahschraderdesign.com,Sarah Schrader Design
Tamalyn,tamalyn@hellosmitten.com,Smitten | Effortless Branding & Design
Bob,bob.kelly@kssgroup.com,PETER GREEN DESIGN
Terreri,taylor@warwickmuseum.org,Warwick Museum
Stephanie,stephanie@turnstyle.studio,Turnstyle
Wayne,wmacmaniman@seiu32bj.org,32BJ SEIU
Juamarley,marley@camkirkstudios.com,Cam Kirk Studios
Richard,richard@b-r-u-n-o.it,bruno
Ron,ron@truxes.com,Truxes Company
Trent,tschake@isd94.org,Cloquet Senior High School
Rod,rod@heliuscreative.com,Helius Creative Advertising
Michael,michael.hopkins@brooksstevens.com,"Brooks Stevens, Inc."
Courtney,courtney@designonedge.com,Design On Edge
Emily,ebrackett@visiblelogic.com,"Visible Logic, Inc."
Kornelia,kornelia@designchicklet.com,designchicklet + co.
Monique,monique@designwithmojo.com,MoJo Design
Corey,corey@coreythomasdesign.com,Mutant Lagoon LTD
Hannah,hannah@palindrome.studio,Palindrome Studio
Earl,earl@harperstudios.com,"Earl Harper Studios / Harper Studios, Inc."
Daniel,daniel@surefaze.com,Surefaze Design
Miles,miles@littleredswing.com,Little Red Swing
Kaitlyn,kaitlyn@fated.studio,"Fated Studio | Graphic Design, Website Design, + Visual Media"
Blake,blake@wahhadesign.com,Wahha Design
Mark,mk_bailey@yellowdoggdesigns.com,Yellow Dogg Designs
Johnnier,johnnier@dilandesign.com,"Dilan Design, LLC."
Suzette,slopez@parrotfishstudio.com,"PARROT FISH STUDIO, INC."
Janey,janey@agilepixelstudio.com,Agile Pixel Studio
Amy,amy@2ucreative.net,2uCreative
Jerry,jerry@murraybranding.com,Murray Branding
Pat,pat@artofcommunication.net,Art of Communication
Mitchell,mevans@sign-dsign.com,Sign D Sign
Barbara,barbara@dayswork.org,Days Work Design
Youa,youa@simplejoie.com,Simple Joie Photography
Alexander,alex@naileditcreatives.com,Nailed It Creatives
Elizabeth,bemery@emerydesigns.net,"Emery Designs, LLC"
Ken,ken@godatdesign.com,Godat Design
John,jmpa@meticulous.com,"Meticulous, LLC"
Shea,shea@thirstandcompany.com,Thirst And Company
Anne,anne@as-gd.com,Anne Shannon Design
Mike,mike@solmarkcreative.com,Solmark Creative
Kristin,kristin@brandlabb.com,Brandlabb
Jack,jack@duganne.com,Duganne Ateliers
Karen,karen@cronincreative.net,Cronin Creative
Michael,michael@unltdsigns.com,"Unlimited Signs Designs & Graphics, Inc."
Colleen,colleen@kiefercreative.com,kiefer creative
Susan,susan@juiceny.com,juice DESIGN
Phil,phil@zapcreativesolutions.com,Zap Creative
Jillian,jill@gertco.com,Gert & Co
Joseph,joe@decreedesign.com,Decree Design Co.®
Lance,lance@thestudiosullivan.com,The Studio Sullivan
Neil,nmcnair@mcnaircreative.com,THE MADDEN CORPORATION
Spencer,spencer@advancedsign.com,Teknigrammaton Graphics
CJ,cj@sophresh.co,"Phresh, LLC"
Don,dkeller@catalpha.com,"Catalpha Advertising & Design, Inc."
Christopher,christopher@petersonland.com,Chris Peterson Illustration
Brendan,brendankilroy@erectorsetsinc.com,Erector Sets Inc.
Rick,rick@nufsaid.com,Nuf Said
Danielle,daniellehayes@alabamaone.org,Alabama ONE Credit Union
Peter,peter@petersamuels.com,Peter Samuels Photography
Matt,mmurphy@wordformllc.com,WordForm
Steve,steve@sepiacreative.com,"SEPia Creative, LLC"
Shien,shien@astarte-creative.com,Astarte Creative
Jonathan,lynn@clevelanddesign.com,Cleveland Design
Elizabeth,elizabeth@adashoflimedesign.com,A Dash of Lime Design
Tom,t@grouptdesign.com,Group T Design
The,fabianna@thelogoboutique.com,The Logo Boutique
Crystal,crystal@ricottadesign.com,Ricotta Design
Jonathan,jonathan@thecreativeoffices.com,The Creative Offices
Zachary,zach@zachharveyco.com,Zach Harvey & Co.
Lou,lou@rowhouse.studio,Rowhouse Studio
Jessica,jessica@madebystudioh.com,Studio H
Kelly,kelly@kellyalford.com,Words Pictures Colours
Dan,dan@lincolndesignco.com,Lincoln Design Co
Chris,chris@agrotising.com,Agrotising
Jocelyn,jkearl@thirdsun.com,Third Sun Productions
Julie,julie@secretagentpr.com,Cartoules Letterpress
Dionya,dionya@dionyadesigns.com,Dionya Designs
Terry,terry@brileydesigngroup.com,Briley Design Group
Nick,nick@shoobphotosouth.com,Shoob Photography
Mark,mark@aquazebra.com,AquaZebra
Tony,tonybarraza@tbdesignworks.com,Tony Barraza Designworks
Art,art@catapultu.com,Catapult Strategic Design
Linda,lhenneman@thinkdg.com,ThinkDesign Group
Leigh,leigh@ryleiartdept.com,Rylei Art Dept.
Peggy,peggy@ericksondesign.com,Erickson Design
Jacqueline,jacqueline@mile275.com,Mile 275 Studio
Laurence,laurence@wiscocreative.com,Wisco Creative
Jon,jb@unitbcreative.com,Unit B Creative
Billy,billy@brimdesign.com,BRIM DESIGN
Steve,steve@styledaesthetic.com,Styled Aesthetic
Jason,jason@seawingdesigns.com,Sea-Wing Designs
Frank,frank@paganucci.com,Paganucci Design Inc
Toni,toni@30thcenturygraphics.com,30th Century Graphic Design
Michael,mike@quiterightstudio.com,Quite Right Studio
Taylor,taylor@saltandtrue.com,Salt & True
Sharon,sharon@alessiandco.com,Alessi & Co
Cat,cat@2ndstorycreative.com,2nd Story Creative
Jaclyn,jaclyn@j2designnyc.com,J2 Design NYC
Mary,mary@emberdesign.com,Ember Design LLC
Fausto,fausto.cordova@qgsdesign.com,Quick Graphic Solutions
Nick,nick@kaskcreativity.com,Kask Creativity
Audrey,boobar@ab-designs.com,AB Designs
Russ,russ@visionideadesign.com,Central Fairfax Chamber of Commerce
Kylie,kylie@kyliebussdesign.com,"Kylie Buss Design, LLC"
Nichole,nichole@coralpheasant.com,Coral Pheasant Stationery + Design
Kristin,kristin@kmccurrydesign.com,McCurry Design
Lisa,lisa@designsbylisamarie.com,Designs By Lisa Marie Inc
Tim,timw@abbottsprintshop.com,"Abbotts Print Shop, Inc."
Sarah,sarah@flashpoolproductions.com,Flashpool Productions
Sandra,sandy@stensongraphix.com,Stenson Graphix
Tommy,tommy@mediumcontrol.com,The Medium Control
Tina,tina.asp@image360.com,"Image360 - Burlington, WA"
Katie,katie@hennessydesign.com,"HDG Design Group, Inc."
John,jd@eternitees.net,Eternitees Screen Printing
Tara,tara@kempdesign.com,Kemp Design
George,george@yourseedmedia.com,Seed Creative
Chris,chris@ospreygraphics.com,"Osprey Graphics, Inc."
Tracie,tracie@pushcreativedesigns.com,Push Creative Designs
Tanner,tanner@purfectlogos.com,Purfect Logos LLC
Marcus,marc@archercreativegroup.com,Archer Creative Group
James,james@jamesrobertcreative.com,James Robert Creative llc
Rob,rob@gelhardt.com,Gelhardt Graphics
Jenn,jenn@datapikedesign.com,Datapike Design
Sarah,sarah@twenty20illustrations.com,"Twenty20 Illustrations, LLC"
Barbara,barbara@barbaracallow.com,Barbara Callow Calligraphy
Adam,adam@steadyhanddesignco.com,Steady Hand Design Co.
Ralph,ralph.bartels@cfafranchisee.com,Edgewater Mall
Greg,greg@littlefishdesigncompany.com,Little Fish Design Company
Jill,jill@ahvay.com,Ahvay Creative Studio
Meagan,mk@nutmegimageworks.com,Nutmeg Imageworks
Rene,rene@studio-lifestyle.com,Studio LIFE/STYLE
Jason,jason.lilly@lillysigns.com,Lilly Signs & Designs
Debbie,debbie@adproincorporated.com,ADPRO
Steve,steve@sgcreative.com,SG Creative
Andy,andy@360productions.com,360 Productions
Kenna,kenna@themckennagroup.com,"theMcKENNAgroup, LLC"
Kimberly,kimberly@delightfullydesigning.com,Delightfully Designing
Lisa,lisa@bluerae.com,Bluerae Creative
Nils,nilsjergensen@keeneydesign.com,Keeney Design
Nathan,nathan@nsdesignkc.com,nsDesign
Tom,tom@studio-tom.com,Studio Tom
Karen,kmasters@metiermc.com,"Métier Marketing Communications, Inc."
Betsy,betsy@brushstroke.com,Brushstroke Art & Design
Lawton,lawton@lawtonoutlaw.com,Lawton Outlaw
Collin,votrobeck@mosographics.com,Moso Retail Environments (formerly Moso Graphics)
Alicia,alicia@agdesigns.biz,AG Designs
Steve,steve.tuch@image360wssw.com,Image360 Winston-Salem Southwest
Gina,gina.jacobson@studiojdesignworks.com,Studio J Designworks
Elaine,elaine@piroet.com,PIROET Design
Robin,robin@graphixink.com,Graphix Ink
Brent,brent@rhombusdesign.net,"Rhombus, Inc."
Stefanie,stefanie@thebrilliantassistant.com,The Brilliant Assistant Web Design & Digital Marketing
Cynthia,cynthia@wdbodyworks.com,"Walter D'Andrea Bodyworks,LLC"
Yvonne,tarnowskiy@uiu.edu,Upper Iowa University
Cindy,cindy@cjkcreative.com,CJK Creative
Kurt,kurt@chasinglightstudios.com,"Chasing Light Studios, Inc."
Rich,rich@ogdencosta.com,Ogden Costa Creative Group
Dave,dave@goaye.com,American Youth Enterprise
Allan,allan@webdevworks.com,"WebDev Works, LLC"
Deb,dillig@bpdesign.biz,BP Design
Brad,brad@climbdesign.com,Climb Design
Jude,judesilva@bstreetstudio.com,B Street Studio
Homero,hgonzalez@excalibursignstudio.com,Excalibur Sign Studio
Ross,ross@310signs.com,310Sign Company
Jennifer,jennifer@jen-tek.com,Jen-Tek Graphics
Andrew,drew@aestudios.com,ArtEffects
Arvind,arvind@microprint.com,Micro Print
Brent,brent@creativecolorstudio.com,Creative Color Graphic & Print Studio
Gary,gary@garytorrisistudio.com,Gary Torrisi Studios
Alexander,alex@infinitygfx.net,Infinity Graphics
Victoria,vicki@smartblondedesign.com,Smart Blonde Design
Chris,chris@ck-monuments.com,Ck Monuments
Alex,alex@shoobphoto.com,Shoob Photography
Jeff,jeff@imagingspecialists.net,"Imaging Specialists, Inc."
Aaron,aaron@infusion.media,Infusionmedia
Tracy,tracy@bluerae.com,Bluerae Creative
Erik,erik@cordelldesigns.com,Cordell Designs
Corey,corey@iconfactory.com,The Iconfactory
Bryn,bryn@deremerstudios.com,"Deremer Studios, LLC"
JC,jc@bluemiragestudio.com,Blue Mirage Studio
John,jrallen@rabren.com,Rabren General Contractors
Tony,tony@twelve3.com,STUDIO TWELVE 3
Julie,julie@bespokedallas.com,Bespoke Creative
Joel,joel@sillycar.com,SillyCar Design
Suzanne,suzy@lilyredstudio.com,Lily Red Studio
Dan,dan@pilatdesign.com,Pilat Graphic Design
Cindy,cindy@cimettadesign.com,Peg Ogle Design
