Name,Email,Company
Liz,liz@punchy.design,PUNCHY
Andrea,andrea@studiolinear.com,Studio Linear
Jim,jim@ideaz.tech,IDEAZ
Ron,ron@exodesign.com,exodesign
Hein,hhaugland@culteva.com,Culteva
Michelle,michelle@meforwedesign.com,Me for We: Design + Collective
Jesse,jmorreale@m-incorporated.com,"M, Inc."
Beth,beth@kaiserdesignstudio.com,Kaiser Design Studio
Mike,mike@slideckly.com,Slideckly
Amy,amy@gocultiv8.com,Cultiv8 Creative
Mario,mario@robotagency.com,"The Robot Agency, INC"
Josh,joshcampbell@magicandmight.com,Magic+Might
Michael,michael@haws.com,Diamond H Designs
Bruce,bchristy@werkt.co,Wērkt
John,john@jshwebdesigns.com,JSH Web Designs | Knoxville Web Design Firm
Andy,andy@creativefuse.org,CreativeFuse
Adrien,adrien@flyingsaucer.nyc,Flying Saucer Studio
Eric,eric@efdotstudio.com,Efdot Studio
Joshua,joshua@fordcreative.co.uk,Ford Creative
Tiffany,thatfield@luminous.agency,Luminous Creative Agency
Bill,thompson@pencilboxstudios.com,Pencilbox Studios
Kara,kara@uppermostdesign.co,Uppermost Design Co.
Kevin,kobrien@engagesoftware.com,Engage
Delia,delia@bonfiliodesign.com,Bonfilio Design
Addie,addie@strawberryfieldsdesign.com,"Strawberry Fields Design, Inc."
Justin,justin@miskowskidesign.com,Miskowski Design
Cate,cate@kincollective.com,The Kin Collective
Andre,andre@pixelsymmetry.com,Pixel Symmetry Inc.
Tristan,tristan@tryspringstudio.com,Spring Studio
Shelby,stupper@shelbydesigns.com,Shelby Designs & Illustrates
Will,wills@taphousegraphics.com,TAPHOUSE GRAPHICS
Joel,rojo@analogue.app,analogue.app
Monet,monet@earthandolive.co,Earth and Olive
TJ,tj@thevalleyvision.com,Valley Vision
Andrea,andrea@fullspectrumstudio.com,Full Spectrum Studio
Ken,kenv@artifactdesign.com,"Artifact Design, Inc."
Arthur,art@incolor.net,In Color®
Reuben,levi@pencilbreak.com,Pencil Break Studio
Stephen,sclawson@pod22.com,Pod22
Olivia,olivia@currentdesignstudio.com,Current Design Studio
Sharon,sharon@mermaidnyc.com,Mermaid Inc
Freda,freda@thecallingcardnola.com,"The Calling Card, LLC"
Kevin,kevin@brewww.co,Brewww Studio
Ryan,ryan@ark-projects.com,ARK Projects
Faraji,faraji@o9media.com,"Over 9000 Media, LLC"
Anne,anne@greenwichenvironmental.com,GREENWICH ENVIRONMENTAL DESIGNS INC.
Ruby,ruby@moto.red,Moto.Red Design House LLC
Cristina,cristina@modishcreative.com,Modish Creative Co.
Jacquie,jacquie@littlesundaysstudio.com,Little Sundays Studio
Brenna,brenna@ruralcreative.co,Rural Creative Co.
Josiah,josiah@redthreads.com,Red Threads Print House
Jasmine,jasmine@siren.media,Siren Media
Izaac,izaac@recycledpropaganda.com,Recycled Propaganda
Marcos,marcos@copaceticdesigns.com,Copacetic Designs
Tami,tamic@stocklayouts.com,StockLayouts
Madison,wooldridge@madisoneatscake.com,Madison Eats Cake
Jason,jsprenger@fourthcup.org,Fourth Cup Print & Web Design
CJ,cj@noblecreative.co,Noble Creative Collective
Jos,jos@unionbug.com,Alliance Graphics Inc.
Joseph,joseph@flavorgraphics.com,Flavor Graphics
Allan,allan@haagdesign.com,"Haag Design, Inc., I See Me! Inc."
Gabriela,gabriela@batafurai.studio,Batafurai Studio
Sarah,sarah@sdgdigitaldesign.com,SDG Digital Design
Coralee,coralee@shortcakeinc.com,Shortcake Albums
Genevieve,genevieve@moonlightcreative.co,Moonlight Creative
Kari,kari@plotcreative.io,Plot Creative Studio
Geoffrey,gfowler@greenpig.com,GreenPig Interactive Inc
Missy,missy@uckiood.com,uckiood
Sara,smcgovern@uplandsoftware.com,Upland Software
Mike,mike@urbanmonk.one,Urban Monk
Samantha,sam@webnmoore.com,"Web & Moore, Inc."
Mitchell,mitchell@bcccommunications.com,BCC Communications
David,dave@got2web.com,Got2Web Internet Services
Justin,justin@pilotdesigngroup.com,Pilot Design Group Inc
Brian,brian@sight8.com,"Sight8, Inc."
Daniel,dan@swiftwhale.com,Swift Whale Creative
David,david@unfold.co,Unfold
Douglas,douglas.goodridge@rhemasolutions.net,Rhema Solutions
Patrick,patrick@denniscreative.com,Dennis Creative
Brynn,brynn@edgecreative.media,Edge of Creative
Ben,ben@graflix.com,Graflix
John,john@balldesign.com,Ball Design
Maor,maor@aestus-ads.com,Aestus Advertising
Jodi,jbeasley@oona.media,Oona
Julian,julian@lemonyellow.com,Lemon Yellow
Stephanie,stephanie@lmariedesign.com,L. Marie
Luke,luke@velvetspectrum.com,Velvet Spectrum
Kristo,kristo@simpledesignworks.co.uk,Simple Design Works Ltd
Gabe,gabe@studiorover.co,Studio Rover
Eric,eric@boundlissmedia.com,Boundliss Media
Tony,tony@fortatelier.com,Fort Atelier
Alexander,alexander@723group.com,PixelMedia
Win,upperdeck@trycatalog.com,Catalog
Alex,alex@sainturbain.com,Saint Urbain
Isaac,isaac@cododesign.com,CODO Design
Jasper,jasper@brandworxproductions.com,BrandWorx Productions
Kevin,kevin@luccaam.com,LuccaAM
Brian,bbrueck@graphicmoxie.com,Moxie
Hagar,hagar@ayouni.org,Ayouni
Jim,jimc@modicum.agency,Modicum
Tamella,tfritz@pinkfroginteractive.com,Pink Frog Interactive
John-Mark,john-mark@helico.studio,Helico Creative Brand Studio
Mike,mnepomuceno@imotionindustries.com,"Infinite Motion Productions, Inc."
Jeff,jeffb@sweet10creative.com,Sweet 10 Creative
Elfe,elfe.c@wearebulletproof.com,Bulletproof
Alex,alex@glovaldisplays.com,GlovalDisplays
Ami,ami.w@wearebulletproof.com,Bulletproof
Kristin,kristin@bravery.co,Bravery Media
Anna,anna.m.@wow-how.com,Wow-How Studio
Michael,michael@lavisual.com,La Visual
Andy,andy@artmil.com,Artmil
Jennifer,jennifer@sparkz.media,SPARKZ MEDIA
Steven,scrays@oona.media,Oona
Bill,bchave@tidelinedesign.com,"Rock Your Show, LLC."
Steven,steve@wearewillful.agency,Willful Agency
Jeremy,jeremy@meltdowncreative.com,Meltdown Creative Works Inc.
Susie,susie@bradleybrowndesign.com,Bradley Brown Design Group
Thomas,thomas@communicor.com,"Communicor, Inc."
Patrick,patrick@tzdesignstudio.net,TZ DESIGN STUDIO LTD
John,johnhimics@firstascentdesign.com,First Ascent
Analiese,acohen@chasedesign.net,ChaseDesign
Jeffrey,jeff@heinkedesign.com,Jeffrey Heinke Design
Bill,bill@sprout.cc,Sprout Studios
Jonathan,jonathant@journeygroup.com,"Journey Group, Inc."
Jennifer,jdavison@veroortho.com,Vero Orthopedics
Michael,merhart@apple-designs.com,Apple Designs
Rhonda,rb@rbdesignstudio.com,"RB Design Studio, LLC"
Aaron,aaron@logoworks.com,Logoworks
Lindsay,lindsay@thenounproject.com,Noun Project
Michael,mdemartin@designsite.com,Designsite
Seth,seth@blacklabel-media.com,Black Label Media
Adam,acarmichael@chasedesign.net,ChaseDesign
Brian,brian@reelvideoandstills.com,Reel Video & Stills
Kristin,kristin@themovetic.com,Movetic
Adam,adamliszkiewicz@rustltd.com,RUST LTD.
Bruce,brucep@marathonpress.net,Marathon Press
Rob,rob@pressing-on.com,Five Communications Design Studio
Jessica,jessica@thrivecreativedesign.com,Thrive Creative Design
Mark,mark.krenn@coastalcreative.com,Coastal Creative
Taylor,taylor.l@dribbble.com,Dribbble
Jane,jane@jhevents.com,Jane Hammond Events
Ryan,ryan@banowetz.com,"Banowetz + Company, Inc."
Michael,creative@depiroentertainment.com,DePiro Entertainment & Designs LLC
Princeton,pporter@asdnet.com,ASD | SKY
Nick,nick@acceleratedwebsites.com,Accelerated Websites
Wendy,wendy@waccettadesign.com,W. Accetta Design
Marvin,marvin.diaz@precompco.com,Premier Computer Consulting
Mike,hifimike@audiologic.net,Audio Logic
Gary,gkastner@adartstudios.com,Ad Art Studios
Laron,laron@clarencelee.com,Clarence Lee Design & Associates
Dave,dhilborn@detroitdesign.net,Detroit Design Engineering Llc
Jeremy,jgrech@dfabdesign.com,D|Fab
Anthony,tony@zaydmedia.com,Zayd Media
Lori,lori@cwpdesignstudio.com,CWP Design
Tracy,twagner@ringling.edu,Ringling College of Art and Design
Bill,billd@billddesign.com,Bill D Design Group Inc
John,john@pixelcreative.com,"Pixel Creative, Inc."
Suzanne,suzannend@d1inc.com,"Design One, Inc."
Jo,joanna@neitercreative.com,"Neiter Creative, LLC."
James,jmk@kventures.net,kVentures
Bill,bill@certifiedlighting.com,Graphic Works
Sarah,sarah@allenwayne.com,Allen Wayne Design Studio
Greta,greta@gscreative.com,"Greta Sebald Creative, Inc."
Remy,remy@pccdining.com,Preferred Clientele Club
Laura,laura@sobelmandesign.com,"Sobelman Communications and Design, Inc."
Kevin,kevin@etcgraphics.com,"etc graphics, inc."
Larry,larry@hhphotographers.com,H&H Photographers
Matt,matt@pickettdesign.com,Pickett Design
Roger,roger@goulddesign.com,"Gould Design, Inc."
Julie,julie.charvat@gouldevans.com,Multistudio
Martin,martin@massivecatapult.com,"Massive Catapult Creative, Inc."
Viki,viki@vndg-hawaii.com,Viki Nasu Design Group
Graham,graham@brandgcreative.com,"Brand G Creative, LLC"
Garry,garry.kanfer@bigdropinc.com,Big Drop Inc
Brandon,brandon@americancalendar.com,American Calendar Co
Karen,karent@allstarcaps.com,All Star Caps
Terry,terrys@bigfootgrafix.com,Bigfoot Grafix
Jeff,jeff@brownenterprisesusa.com,Brown Enterprises
Sean,sean@mainstreetwineimports.com,57 Main Street Imports
Michael,mike@kaminskikaneko.com,Kaminski Kaneko Design
Tate,tate@cardsofwood.com,Cards Of Wood Inc
Philip,philip@schoolstreetposters.com,Collegetown Screen Printing
Dean,dhenderson@flybuggers.com,Henderson Consulting
Bob,bob@colorfolio.com,Color Folio
Joe,joe@cgprinting.com,Cg Printing
Malkie,malkie@premierdesignnyc.com,Premier Design
Patty,patty@brownenterprisesusa.com,Brown Enterprises
Don,don.dykstra@sharpline.com,Sharpline Converting Inc.
Andy,taylor@superside.com,Superside
Eric,erica@fortyninedegrees.com,Forty Nine Degrees
Tracey,tracey@nirayllc.com,NIRAY LLC
Danny,danny@ticketpalace.net,"FRONT ROW TICKETS, LLC"
Marla,marla@smallkapsdesign.com,Smallkaps Associates Inc.
Richi,richi@bigapplegroup.com,Big Apple Visual Group
Judith,judith@reynoldsgraphicarts.com,Reynolds Graphic Arts
Joel,joel@bigpivot.net,Big Pivot Partners
Pamela,pam@esserdesign.com,ESSER DESIGN
Jason,jason@phase23.com,Phase23 Design Studio
Ken,ken@rabeandco.com,Rabe & Co
Ashley,ashley@creech.co,Creech
Ryan,ryan@hereforstudio.com,Herefor Studio
Robyn,robyn@framework-co.com,FRAMEWORK
Ross,ross@friendlydesign.co,Friendly Design Co
Becky,becky@bexbrands.com,BEXBRANDS
Mike,mike.nelson@times3.net,Times 3
Garrett,garrett@gdsquared.com,GD Squared
Danny,danny@unusun.com,One Branding
Matt,matt@athleticsnyc.com,Athletics
Aaron,aaron@903creative.com,903 Creative
Michael,mike@cgmchicago.com,Creative Graphics Management
Maria,maria@eyeofsolomon.com,EOS Studios
Kevin,klurie@creativerealtygroup.com,CREATIVE
Tonja,tonja@resonatemn.com,Resonate
Mackenzie,mackenzie@macaronicreative.com,Macaroni Creative
John,john.dixon@dixondesign.com,Dixon Design
Maria,maria@urbanincline.com,Urban Incline
Theo,theo@feistybrown.com,Feisty Brown
Keiji,obata@elittlefield.com,Littlefield & Company
Jason,jason@thecrpgroup.com,The CRP Group
Ryan,ryan@thecrpgroup.com,The CRP Group
Nicole,nicole@brunelloinc.com,"Brunello, Inc."
Merrell,merrell@twistcomm.com,"Twist Communications, LLP"
Michael,mseaman@proofbklyn.com,Proof Creative
Ernie,ejohnson@theprintpath.com,The Print Path
Adam,adam@robot.house,Robot House
Nicholas,nick.long@11fingers.com,11 Fingers Design
Jon,jon@folderstudio.com,Folder Studio
Patricia,pkoren@kajundesign.com,Kajun Design
Lucy,lucy@ohhellodesign.co,"Oh, Hello Design Co."
Christina,christina@counterspace-studio.com,Counterspace
Sarah,sarah@cypresstitle.com,Cypress Title LLC
John,john@echodesigngroup.com,Echo Design Group
Christine,ckim@graphicmoxie.com,Moxie
Kate,kate@fuelhousecreative.com,FuelHouse
Blaine,blaine@revelationagency.com,Revelation Agency
Mark,mark@meetchisel.com,Chisel Design
Andrew,andrew@animateus.online,AnimateUS
Elizabeth,elizabeth@pearlfisher.com,Pearlfisher
Kelly,kelly.komp@multipleinc.com,"Multiple, Inc."
Carrie,carrie.lipscomb@borisand.co,Boris&Co.
Laura,laura@99designs.com,99designs
Adam,adam@toebock.com,Toebock Creative
Alexandre,alex@andrebean.com,André Bean Brand Architecture
Eric,eric@wpfcreatives.com,WPF Creatives
Denise,dmarinez@vervetla.com,Verve
Matthew,mbibicoff@extrahourz.com,MatthewBibicoff.Design
Linda,linda@ourfriends.london,OurFriends Agency
Lucie,lucie@myorbstudio.com,MyOrb - Consulting Agency
John,john.fulton@thinkcompany.com,Think Company
Susan,sburke-oneal@cshnyc.org,"Convent of the Sacred Heart, 91st Street"
Mark,mark@thisisw.it,Wit Advertising & Design
Caroline,caroline@carolinemattevt.com,Caroline Matte – Creative Services
Michael,mth@mtholmesdesign.com,HOLMES DESIGN
Milt,milt@d2dstudio.com,DDSTUDIO
David,dv@verusdesign.org,Verus Design
Sara,sara.little@thecolaboratory.com,The Co.Laboratory
Ernesto,ef@mwxdigital.com,MediaWorx
Monica,monicag@perspectivebranding.com,Perspective: Branding
Blais,blais@narwhalcollective.com,Narwhal Collective
Sitara,sitara@designity.com,Designity
Christopher,christopher@studiolxv.com,Studio LXV
Peter,ppriebe@waremalcomb.com,Ware Malcomb
Joelle,joelle@thedesignagency.ca,DesignAgency
Paul,paul@jacober.com,Jacober Creative
Mark,mark@7spirit.com,"7SPIRIT, LLC"
Cori,corik@sheadesign.com,"Shea, Inc."
Grace,grace@vaultcollective.com,Vault Collective
Leonard,lcamposano@waremalcomb.com,Ware Malcomb
Marshall,marshall@marsdesign.com,Mars Design
Grant,gbrandenburg@waremalcomb.com,Ware Malcomb
Courtney,cjfraser@opusdesign.us,Opus Design
Theresa,theresa.decker@thinkbrownstone.com,Think Company
Goran,goran.paunovic@artversion.com,ArtVersion
Linda,lcastro@whiteowldesigns.net,White Owl
Shawn,svazinski@lachina.com,Lachina Creative
Michael,michael@evondesign.com,Evon Design Co.
Paul,paul.wester@usda.gov,USDA
Juliana,juliana@columbusndc.org,Neighborhood Design Center (Columbus)
Jenny,jenny@designindc.com,Design In DC — Web Design & App Development
Joshua,josh@plazm.com,PLAZM
Nick,nick@graphismo.com,Graphismo
Ali,agordon@aligordondesigns.com,Ali Gordon Designs
Daniel,daniel@brokstad.studio,BROKSTAD
Janice,janice.mcmanemy@turnerduckworth.com,Turner Duckworth
Analisa,aolson@waremalcomb.com,Ware Malcomb
Aden,aden@onetoncreative.com,One Ton Creative Design Group
Brian,bcourt@dhd.com,DHD
Shruthi,shruthi@fodastudio.com,FÖDA™
Cam,cam.campman@anvilnorthwest.com,Anvil Northwest
Bree,bree@studio-us.com,Studio Us
Steve,steve@skgraphicdesign.com,SK Graphic Design
Bruce,bruce@foodandpaper.com,Food and Paper Supply Co
Francisco,fperezazua@waremalcomb.com,Ware Malcomb
Dayne,dayne@enlisteddesign.com,Enlisted Design
Steven,steven@boiseweb.net,Boise WEB
Nick,nick@vlgux.com,Blue Meta Design
Charisse,charisse.bennett@focuslab.agency,Focus Lab
Maurice,maurice@tlciscreative.com,"TLC Creative Services, Inc."
Ian,ian@jensencreativestudio.com,Jensen Creative Studio
Andrew,andrew@mortisstudio.com,Mortis Studio
Kelliann,kelliann.haugh@tpddesignhouse.com,TPD DESIGN HOUSE
Douglas,dgullo@waremalcomb.com,Ware Malcomb
Eric,eric@studiotrujillo.com,StudioTrujillo Creative Services
Niels,niels@bolledesign.com,Bolle Design
Damian,dmelo@waremalcomb.com,Ware Malcomb
Robin,robin@genrecreative.com,Genre Creative
Sarah,sarah.wasley@motherdesign.com,Mother Design
Mirko,mirko@allyourpixels.com,All Your Pixels Design Agency
Laura,laura@girdnergraphics.com,Girdner Graphic Design
Peter,pkoch@lhc.net,LHC Design
Kayla,kayla@vlgux.com,Visual Logic
Cameron,cmaher@fathomcreative.com,Fathom Creative
Jeremy,jeremy@yeahrightco.com,Yeah Right Co
Tracy,adams@millerdesignworks.com,Miller Designworks
Stephen,stephenr@fortyninedegrees.com,Forty Nine Degrees
Michael,mlepore@bcgconnect.com,BCG Connect | Creative Marketing for Fundraisers
Mercedes,mercedes@royalinkdesign.com,Royal Ink
Lynnae,lstrait@ghdp.com,GHD Partners
Lesley,lkantlehner@afhboston.org,Artists For Humanity
Rachel,rbulgrin@fxgroup.tv,BLDG Brands
Erin,erin.lentz@artversion.com,ArtVersion
Dave,dave@versemedia.com,Verse Media
Neshat,neshat@oneworlddmg.com,One World Design and Manufacturing Group
Travis,travis@hyperbicycles.com,Hyper Bicycles
Tracy,tracy@richardsondesign.com,Richardson Design
Kate,kate.coates@elevenpeppers.com,Eleven Peppers Studios
Shawn,smccafferty@thepixelmakers.com,The Pixelmakers
Stuart,stuart@pixelsoup.com,Pixel Soup
Aurvi,aurvi@studio577.in,studio577
Jose,jrainer@rainerstudios.com,rainerstudios
Abby,abby.murdock@st8mnt.com,ST8MNT BRAND AGENCY
Isabela,isabelag@columbusndc.org,Neighborhood Design Center (Columbus)
David,david@hightidenyc.com,High Tide
Shaun,shaun@easel.ly,Easelly
Jill,jill@geckogroup.com,Fiore Design
Teeraporn,tee@andpartnersny.com,Visual Voice (US)
Keith,keith.kindle@gopeoples.net,Jim Kirkpatrick's Specialty Advertising Services
Kelley,kelley@wyndetryst.com,Wyndetryst Graphic Design Studio
Laura,lwoodruff@chasedesign.net,ChaseDesign
Juan,connectlv@niceartworks.com,Nice Artworks
Richard,rich.gelchinsky@fusionhome.com,Fusion Media
Tina,tina@sevenfoldinc.com,Sevenfold Creative
Shannon,shannon@people-people.com,PEOPLE Magazine | PEOPLE.com
Paul,paul@deluxmultimedia.com,Delux Multimedia
Michael,mbutler@chasedesign.net,ChaseDesign
Heidi,heidi.ash@schipperdesign.com,Waltz Creative
Tim,timhowie@specsonline.com,Spec's Liquor
Levi,levi@delindesign.com,Receptor
Timothy,timothy@pikegraphics.com,Pike Graphics
Kyle,kyle@theshawdesigngroup.com,The Shaw Design Group
Matthew,mreynolds@metropoliscreative.com,Metropolis Creative
Michael,michael@bexbrands.com,BEXBRANDS
Simon,simon@drivecreativestudio.co.uk,Drive Creative Studio
Allison,allison@lemongrenade.com,LemonGrenade Creative
Jaclyn,jaclyn@envisioncd.com,Envision Creative Design
Michelle,michelle@mirror-designs.com,Mirror Design
Jeff,jeff@creativeplastic.com,Plastic Graphics / Creative Plastic
Dana,dana@m45creative.com,M45 Creative
Sarah,sarahjane@lynxpointcreative.com,Lynx Point Creative
Mark,mrinear@bloomcreativegroup.com,Bloom Creative Group
Parker,parker.foote@st8mnt.com,ST8MNT BRAND AGENCY
Travis,travis@nufsaid.com,Nuf Said
Donovan,lab@jpiphoto.com,Black Ink Art
Matt,matt@cowscantcount.co.uk,Cows Can't Count
Suzin,suzin@purneydesign.com,Purney Design
Jim,jmanley@grafikaprint.com,Grafika Print
Loren,loren@cooksonandco.com,Cookson&Co.
Kate,kate@nevelesociety.com,The Bazaar Studio
Dylan,dylan@smashinkcustom.com,Smash Ink
Josh,josh@bostonfreelancemedia.com,"Boston Freelance Media, LLC"
Masahiro,toiya@sabia.co.jp,Sabia Inc.
Jeff,jeff@tiedrich.com,Tiedrich Design Group LLC
Donald,dtrull@signalinc.com,Signal
Roy,roy.lewis@hanesbrands.com,Hanesbrands Inc.
Amy,aspencer@westernline.org,O'Bannon High School
Emily,emily@cccolumbus.org,Community Church Of Columbus
Dave,daveh@hmgraphics.com,HM GRAPHICS
Hilaire,hilaire.quinn@snhu.edu,Southern New Hampshire University
Zac,zac@kreative.com,Studio Grace
Nicole,nicole@athleticsnyc.com,Athletics
Elizabeth,ehall@nanz.com,The Nanz Company
Denise,denise@hellonymph.com,Nymph
Julie,julie@echodesigngroup.com,Echo Design Group
Alicia,alicia@milkandbone.co.uk,Milk & Bone Design
Larry,larry@larrysullivandesign.com,Larry Sullivan Design
E,efnms@ringling.edu,Ringling College of Art and Design
Garrison,garrison@j3productions.com,"J3 Productions, Inc"
Joel,joel@1ezconsulting.com,1EZ Creative Orange County Web Design Ca
Scott,scott@truxes.com,Truxes Company
Quentin,quentinlevy@deadlinestudio.ec,DEADLINE STUDIO
Scott,scott@bluehippo.com,"Blue Hippo, LLC"
Scott,scott@sheplerstudios.com,Shepler Studios
Brigitte,brigitte.daigle@oscconnect.com,Our Savior's Church
Anne,anne.amato@bakerassociates.net,"Baker & Associates, LLP"
Brian,brian.fahmie@beffio.com,beffio studio
Rebecca,rebecca@habitatforhorses.org,Habitat For Horses
Modern,modern.design@mmediadesign.co.uk,MMD
Blaza,blaza@sharpadvertising.info,Sharp Advertising
Jennifer,jthomas@waremalcomb.com,Ware Malcomb
John,jhart@sctcc.edu,St Cloud Technical and Community College
James,james@trademarkcreative.com,Trademark Creative Studio
Justin,jmcgowan@anthonyvineyards.com,Anthony Vineyards Inc
Noe,noe.guevara@print-a-sign.com,Print-A-Sign
Daniel,daniel@mellowgoldstudio.com,Mellow Gold Studio
Gin,gin@gindesigns.com,gin design group
Heather,heather@culturalsponge.com,Cultural Sponge
Sharon,sharon@rldgroup.com,RLDGROUP
Maria,maria@marialylephotography.com,Maria Lyle Photography
Michael,michael@loftsixfour.com,Loft Six Four
CT,ct.perez@sierrablue.biz,Sierra Blue
Sonny,sonny@cultofthewild.com,Cult of the Wild
Micah,micah@studio-mlm.com,Studio MLM
Jennifer,jenny@pippinhomedesigns.com,Pippin Home Designs
Carmit,carmithaller@carmitdesign.com,carmit design studio
Natali,natali@uberdorkdesigns.com,UberDork Designs
Catherine,catherine@cffdesigns.com,"Ce Designs and Illustration, LLC"
Ian,ian@graphicrhythm.com,Graphic Rhythm
Josh,josh@frontier.ms,Frontier Strategies
Mickey,mickey@ivyagencyworldwide.com,Ivy Agency
Allan,allan@hebelergraphics.com,Hebeler Graphics
Angela,angela@angelaprodesign.com,Angela Pro Design
Matt,holler@provokecreative.com,Provoke Creative
Yoshimi,ymunch@ysmcommunications.com,YSM Communications
Kelly,kelly@belookstudio.com,Belook Studio
David,dave@lakunadesign.com,Lakuna Design
Robyn,robynq@quinterdesign.com,Quinter Design
David,davids@teambeachbody.com,DS Design
Josh,josh@bravuragraphics.com,"Bravura Graphics, LLC"
Lynn,lynn@brandstreetco.com,Brand Street Co
Lesa,lbe@graphiclaw.com,"Graphic Law, LLC"
Barb,barb.shea@2shea.com,2Shea Creative
Tina,tinamurphy@iusd.org,Irvine Unified School District
Kathy,kathy.stack@grafxtampa.com,Grafx Digital & Design
Andy,andy@hucklebuckdesign.com,Hucklebuck Design Studio
Ryan,ryan@rstilesdesigns.com,Ryan Stiles Designs
Shane,shane@hennessydesign.com,"HDG Design Group, Inc."
Olivia,olivia@kruegercreativestudio.com,Krueger Creative Studio
Carol,carol@neigerdesign.com,NeigerDesign
Debbie,debbie@designseven.com,Design Seven
Markus,markus@mbrstudios.com,MBR Studios
Luanda,luanda.lozano@lozanodesign.com,Lozano Design
Carla,carla@accent-graphix.com,Accent Graphix Design Studio
Robert,rbergmann@m-pakt.com,MPAKT
Mary,mjscala@geauxlogo.com,Geaux Logo Promotions
Bob,rev@svppartners.com,SVP Partners
Chris,chris@exit73studios.com,Exit 73 Studios
Todd,todd@bentonwebs.com,BentonWebs
Shannon,shannon@mysticcornholecompany.com,Mystic Cornhole Company
Cheryl,cheryl@artisticscreens.com,Artistic Screen Designs
Isaac,isaac@multimediafocus.com,Multimedia Focus LLC
Richard,rhaft@alliancegraphics.biz,Alliance Graphics
Steve,steve@drawpatents.com,"CAD & Graphics Design, Inc."
Bob,bob@dempseygraphics.com,Dempsey Graphics
Peter,peter@colorgraphics.me,"Colorgraphics, LLC"
Nick,nick@nickhansendesign.com,NICKHANSENDESIGN
Sibyl,sibyl@sibyl.com,"Sibyl Design, Inc."
Tina,tina@tmdesigninc.com,"TM Design, Inc."
Jose,jose@mesotopia.com,"Mesotopia, LLC"
Robert,bhatcher@globalpatentgraphics.com,Global Patent Graphics Inc
Jeremy,jeremy@box8creative.com,Box 8 Creative
Mary,mmallis@bedesignscreative.com,BeDesigns Creative
Jon,jon@brainfirecreative.com,Brainfire Creative
Barry,barry.green@kre8tivgrp.com,The Kre8tiv Group
Eli,eli@enlightingdesign.com,Enlighting Struck Design
Lori,lori@reedcreative.com,"Reed Creative, LLC"
Mandy,mandy@manmanstudios.com,MANMAN Studios
Nathan,nathan.stephens@groundswellmediaproductions.com,Groundswell – Design & Media Production
Scott,scott@lockstepdesign.com,Lock Step Design
Dan,dan@idigcreative.com,iDig Design
Randall,randall@theholbrooks.com,Randall Holbrook Art & Design
Kevin,kevin@ebeandesign.com,ebean design
Grant,grant@gradient9.com,Gradient9 Studios
Colleen,cc@collegecompanydesign.com,"College Company, LLC"
Dawn,dawn@tandemdsn.com,Tandem DSN
Barbara,rowenbarbara@virtuallyeverything.net,Virtually Everything
Catherine,cvannoy@millcreekcreative.com,Mill Creek Creative
Camilla,camilla@1amdesign.co,1 AM Design
Michelle,michelle@thompson-communications.com,Thompson Communications
Les,lschachter@memecrafter.com,Memecrafter Group LLC
Jamie,j@letter10creative.com,Letter10 Creative
Mary,mary@marytraverse.com,Mary P. Traverse Design & Consulting
Samantha,samantha@blankslatedesignstudio.com,Blank Slate Design Studio
Mark,mark@symbologycreative.com,Symbology Creative
Rebecca,rebecca@dalyphoto.net,Daly Photography
Warren,warren.whitehead@ww-designs.net,Ww Designs Inc
Trevor,trevor@smalltowndesignco.com,Small Town Design Co.
Danielle,danielle@heyloupe.com,Studio Loupe
Kat,kat.medina@alpine.design,Alpine Design LLC
Joyce,joyce@jbirddesign.com,"J.Bird Design, Inc."
Nancy,nlenore@photo-synthesisphoto.com,Photo Synthesis Photography
Keith,keith@printersusa.com,Printers Usa
Julie,juliefranklin@bumblebeepress.com,Bumblebee Press
Teresa,teresa@urbandakotacreative.com,Urban Dakota Creative
Tom,tom@foppevisual.com,Foppe Visual Communication
Xande,xande@citizenxdesign.com,Citizen X Design
Bob,bob@10poundgorilla.com,10 Pound Gorilla
David,david@thinkgecko.com,Gecko Group
Megan,meg@inthepinescreative.com,"In The Pines Creative, LLC"
John,johnb@z3media.com,z3media
Dana,dana@gevelingerdesign.com,Gevelinger Design
Christopher,chris@digitalempiregraphics.com,Digital Empire Graphic Design
Nathania,nathania@beardedowl.com,Bearded Owl Designs
John,john@johnrasberryartist.com,DesignEnvy
Veronica,art@steamvisuals.com,STEAM visuals
Elisabeth,erumpelsberger@seagullscientific.com,Seagull Scientific
Wendy,wendy@graphicsetc-ms.com,Graphics Etc
Tracy,tmasters@masterscreativebranding.com,Masters Creative Branding
Garrett,garrett@verendusstudios.com,N/A
Andrew,andrew.hazelton@hazelton.co.nz,Hazelton Law
Veronica,veronica@factory43.com,Factory 43
Stephan,steve@qwicketdesign.com,Qwicket Design
Joseph,joseph@wolfandfoxdesign.com,"Wolf&Fox Design Studio, LLC"
Paula,paula@impactgrafx.com,Impact Grafx Inc
Thalia,thalia@etcmb.com,Etcetera
Joanne,joanne@us360.com,US360
Brent,brent@bocdesigninc.com,BOC DESIGN INC
Eric,eric@nicer-design.com,Nicer Collaborative
Jen,jen@sunset6webdesign.com,Sunset6 Web Design LLC
Katie,katie@fantabulous-design.com,Fantabulous Design
Deric,soul@lionimagery.com,Lion Imagery
Bruce,byunker@accesstoledo.com,Tandem Creative
Jada,jada@jadaanddavid.com,J&D Photography
Elizabeth,elizabeth@skeltondesign.com,Skelton Sprouls
Landon,landon.ware@golocallegend.com,Local Legend Outfitters
Chad,chad@becker505.com,Becker 505 - Inspired Ideas
Carl,carl@carlvanfossen.com,Van Fossen Design
Anna,athorner@sedrstudio.com,SĒDR STUDIO
Anthony,anthony@oddballmediagroup.com,Oddball Media Group
Rachel,rachel@roostdesigns.com,Roost Designs
Katie,katie@mkhdigital.com,MKH Digital Marketing Agency
Joe,joe@compoundgraphics.com,COMPOUND GRAPHICS
John,jlouie@thunderconcepts.com,Thunder Design
Kristin,kristin@shifflergraphics.com,"Shiffler Graphics, Inc."
William,bill@williamkellydesign.com,William Kelly Design
Justin,justin@perry-studio.com,Perry Studio
Donna,donna@racestudio.com,Race Studio
Andy,andy@careysignco.com,Carey Sign Co
Kyle,kyle.peltier@hookandpixel.com,Hook & Pixel
Lazy,leeds@lazy-lounge.com,Lazy Lounge
Micah,micah@i45signs.com,i45 Signs
Melissa,melissa@messerdesign.com,Melissa Messer Design
Tommy,tommy@tommydcreative.com,Tommy D Creative
Alli,alli@allibeckdesign.com,Alli Beck Design
Bruce,bqualls@myhqsigns.com,HQ Signs
Schuyler,s.warner@dakotagrp.com,"Dakota Group, Inc"
Lindy,lknowles@masterhandmilling.com,Quick-Draw Design
Marty,marty@berrydesign.com,Berry Design
Darius,darius@whittendesign.com,Whitten Design
Brent,brent@mccoycreative.com,MCCOYCREATIVE
Madeline,mc@canzanigraphics.com,Canzani Graphics
Mark,markm@sixfootsixcreative.com,Six Foot Six Creative
Madeline,madeline@ecocart.io,EcoCart
Jason,jbrown@brownenterprisesusa.com,Brown Enterprises
Karen,karen@hutchinsondesigngroup.com,Hutchinson Design
Joselyn,joselyn@navesnco.com,NavesnCo
Jeff,jeff@hughesdesigninc.com,Hughes Design Inc
Lamar,lamar@electricink.org,Electric Ink Graphic Design
Teena,teena@teenataylordesign.com,Taylor Design
Johnny,jk@jkingdesign.com,Johnny King Design
Jeff,jeff@flyingeyedesign.com,Flying Eye Design
Amy,amy@designwiseart.com,DesignWise Art
Lisa,lisa@onedogmedia.com,One Dog Media
Rachel,rachel@brandarmory.com,Brand Armory
Kathy,ko'leary@kolearydesign.com,Kathleen O'Leary Graphic Design
Dave,dave@davesace.com,Daves Ace Hardware
Wren,wren@thewrendesign.com,Wren Design
Bernice,bernice.jackson@riseofdarkdawn.com,Rise of Dark Dawn
Katherine,kate@clarksdesignservices.com,Clarks Design Services
Brant,bwestmark@prostarcorp.com,ProStar
Jim,jo@jfoakes.com,Oakes Studio
Jim,jim@insigniadesign.com,Insignia Design Associates
Stephanie,stephanie@bowerbirdatelier.com,Bowerbird Atelier
Carol,cburczyk@burczykcreative.com,Burczyk Creative Group
Timothy,tim@timmuzik.com,"Timmuzik, LLC"
Richele,richele@intrepidor.com,Richele Kuhlmann
Mark,mark@prestigephoto.net,Prestige Photography & Video
Angela,angela@gswv.net,Graphic Solutions
Michael,rogers@mrprint.com,M&R Printing Equipment
Linda,linda@stippichdesign.com,STIPPICH | design
Ryan,ryan@wildjoescoffee.com,Wild Joes
Melissa,melissa@leafygreensdesign.com,Peg Ogle Design
